detected_at_utc,date_uk,event,treatment,product,dose,pharmacy,gphc_number,old_price_gbp,new_price_gbp,change_gbp,change_pct,discount_code
2026-10-04T13:12:05Z,2026-10-04,listed,Mounjaro,Mounjaro,10mg,AYP Healthcare,9011523,,235.99,,,
2026-10-04T13:12:05Z,2026-10-04,listed,Mounjaro,Mounjaro,12.5mg,AYP Healthcare,9011523,,247.99,,,
2026-10-04T13:12:05Z,2026-10-04,listed,Mounjaro,Mounjaro,15mg,AYP Healthcare,9011523,,269.99,,,
2026-10-04T13:12:05Z,2026-10-04,listed,Mounjaro,Mounjaro,2.5mg,AYP Healthcare,9011523,,137.99,,,
2026-10-04T13:12:05Z,2026-10-04,listed,Mounjaro,Mounjaro,5mg,AYP Healthcare,9011523,,157.99,,,
2026-10-04T13:12:05Z,2026-10-04,listed,Mounjaro,Mounjaro,7.5mg,AYP Healthcare,9011523,,208.99,,,
2026-10-04T13:12:05Z,2026-10-04,listed,Mounjaro,Mounjaro,10mg,Asda,1116105,,278.97,,,
2026-10-04T13:12:05Z,2026-10-04,listed,Mounjaro,Mounjaro,12.5mg,Asda,1116105,,288.97,,,
2026-10-04T13:12:05Z,2026-10-04,listed,Mounjaro,Mounjaro,15mg,Asda,1116105,,298.97,,,
2026-10-04T13:12:05Z,2026-10-04,listed,Mounjaro,Mounjaro,2.5mg,Asda,1116105,,148.97,,,
2026-10-04T13:12:05Z,2026-10-04,listed,Mounjaro,Mounjaro,5mg,Asda,1116105,,188.97,,,
2026-10-04T13:12:05Z,2026-10-04,listed,Mounjaro,Mounjaro,7.5mg,Asda,1116105,,248.97,,,
2026-10-04T13:12:05Z,2026-10-04,listed,Mounjaro,Mounjaro,10mg,Ashcroft Pharmacy,9012896,,249.99,,,
2026-10-04T13:12:05Z,2026-10-04,listed,Mounjaro,Mounjaro,12.5mg,Ashcroft Pharmacy,9012896,,269.99,,,
2026-10-04T13:12:05Z,2026-10-04,listed,Mounjaro,Mounjaro,15mg,Ashcroft Pharmacy,9012896,,294.99,,,
2026-10-04T13:12:05Z,2026-10-04,listed,Mounjaro,Mounjaro,2.5mg,Ashcroft Pharmacy,9012896,,149.99,,,
2026-10-04T13:12:05Z,2026-10-04,listed,Mounjaro,Mounjaro,5mg,Ashcroft Pharmacy,9012896,,164.99,,,
2026-10-04T13:12:05Z,2026-10-04,listed,Mounjaro,Mounjaro,7.5mg,Ashcroft Pharmacy,9012896,,224.99,,,
2026-10-04T13:12:05Z,2026-10-04,listed,Mounjaro,Mounjaro,10mg,Assured Pharmacy,1121967,,289.95,,,
2026-10-04T13:12:05Z,2026-10-04,listed,Mounjaro,Mounjaro,12.5mg,Assured Pharmacy,1121967,,309.95,,,
2026-10-04T13:12:05Z,2026-10-04,listed,Mounjaro,Mounjaro,15mg,Assured Pharmacy,1121967,,329.95,,,
2026-10-04T13:12:05Z,2026-10-04,listed,Mounjaro,Mounjaro,2.5mg,Assured Pharmacy,1121967,,119.95,,,
2026-10-04T13:12:05Z,2026-10-04,listed,Mounjaro,Mounjaro,5mg,Assured Pharmacy,1121967,,209.95,,,
2026-10-04T13:12:05Z,2026-10-04,listed,Mounjaro,Mounjaro,7.5mg,Assured Pharmacy,1121967,,259.95,,,
2026-10-04T13:12:05Z,2026-10-04,listed,Mounjaro,Mounjaro,10mg,Bolt Pharmacy,9012625,,289.00,,,
2026-10-04T13:12:05Z,2026-10-04,listed,Mounjaro,Mounjaro,12.5mg,Bolt Pharmacy,9012625,,309.00,,,
2026-10-04T13:12:05Z,2026-10-04,listed,Mounjaro,Mounjaro,15mg,Bolt Pharmacy,9012625,,319.00,,,
2026-10-04T13:12:05Z,2026-10-04,listed,Mounjaro,Mounjaro,2.5mg,Bolt Pharmacy,9012625,,169.00,,,
2026-10-04T13:12:05Z,2026-10-04,listed,Mounjaro,Mounjaro,5mg,Bolt Pharmacy,9012625,,199.00,,,
2026-10-04T13:12:05Z,2026-10-04,listed,Mounjaro,Mounjaro,7.5mg,Bolt Pharmacy,9012625,,259.00,,,
2026-10-04T13:12:05Z,2026-10-04,listed,Mounjaro,Mounjaro,10mg,Boots Online Doctor,1030075,,299.00,,,
2026-10-04T13:12:05Z,2026-10-04,listed,Mounjaro,Mounjaro,12.5mg,Boots Online Doctor,1030075,,319.00,,,
2026-10-04T13:12:05Z,2026-10-04,listed,Mounjaro,Mounjaro,15mg,Boots Online Doctor,1030075,,339.00,,,
2026-10-04T13:12:05Z,2026-10-04,listed,Mounjaro,Mounjaro,2.5mg,Boots Online Doctor,1030075,,179.00,,,
2026-10-04T13:12:05Z,2026-10-04,listed,Mounjaro,Mounjaro,5mg,Boots Online Doctor,1030075,,199.00,,,
2026-10-04T13:12:05Z,2026-10-04,listed,Mounjaro,Mounjaro,7.5mg,Boots Online Doctor,1030075,,259.00,,,
2026-10-04T13:12:05Z,2026-10-04,listed,Mounjaro,Mounjaro,10mg,Chemist4U,9011784,,278.00,,,
2026-10-04T13:12:05Z,2026-10-04,listed,Mounjaro,Mounjaro,12.5mg,Chemist4U,9011784,,288.00,,,
2026-10-04T13:12:05Z,2026-10-04,listed,Mounjaro,Mounjaro,15mg,Chemist4U,9011784,,298.00,,,
2026-10-04T13:12:05Z,2026-10-04,listed,Mounjaro,Mounjaro,2.5mg,Chemist4U,9011784,,148.00,,,
2026-10-04T13:12:05Z,2026-10-04,listed,Mounjaro,Mounjaro,5mg,Chemist4U,9011784,,188.00,,,
2026-10-04T13:12:05Z,2026-10-04,listed,Mounjaro,Mounjaro,7.5mg,Chemist4U,9011784,,248.00,,,
2026-10-04T13:12:05Z,2026-10-04,listed,Mounjaro,Mounjaro,10mg,Chequp,9012707,,289.00,,,
2026-10-04T13:12:05Z,2026-10-04,listed,Mounjaro,Mounjaro,12.5mg,Chequp,9012707,,309.00,,,
2026-10-04T13:12:05Z,2026-10-04,listed,Mounjaro,Mounjaro,15mg,Chequp,9012707,,329.00,,,
2026-10-04T13:12:05Z,2026-10-04,listed,Mounjaro,Mounjaro,2.5mg,Chequp,9012707,,189.00,,,
2026-10-04T13:12:05Z,2026-10-04,listed,Mounjaro,Mounjaro,5mg,Chequp,9012707,,219.00,,,
2026-10-04T13:12:05Z,2026-10-04,listed,Mounjaro,Mounjaro,7.5mg,Chequp,9012707,,269.00,,,
2026-10-04T13:12:05Z,2026-10-04,listed,Mounjaro,Mounjaro,10mg,Click 2 Pharmacy,1033781,,249.99,,,
2026-10-04T13:12:05Z,2026-10-04,listed,Mounjaro,Mounjaro,12.5mg,Click 2 Pharmacy,1033781,,269.99,,,
2026-10-04T13:12:05Z,2026-10-04,listed,Mounjaro,Mounjaro,15mg,Click 2 Pharmacy,1033781,,288.99,,,
2026-10-04T13:12:05Z,2026-10-04,listed,Mounjaro,Mounjaro,2.5mg,Click 2 Pharmacy,1033781,,145.99,,,
2026-10-04T13:12:05Z,2026-10-04,listed,Mounjaro,Mounjaro,5mg,Click 2 Pharmacy,1033781,,173.99,,,
2026-10-04T13:12:05Z,2026-10-04,listed,Mounjaro,Mounjaro,7.5mg,Click 2 Pharmacy,1033781,,222.99,,,
2026-10-04T13:12:05Z,2026-10-04,listed,Mounjaro,Mounjaro,10mg,Click Pharmacy,9011460,,269.99,,,
2026-10-04T13:12:05Z,2026-10-04,listed,Mounjaro,Mounjaro,12.5mg,Click Pharmacy,9011460,,289.99,,,
2026-10-04T13:12:05Z,2026-10-04,listed,Mounjaro,Mounjaro,15mg,Click Pharmacy,9011460,,299.99,,,
2026-10-04T13:12:05Z,2026-10-04,listed,Mounjaro,Mounjaro,2.5mg,Click Pharmacy,9011460,,169.99,,,
2026-10-04T13:12:05Z,2026-10-04,listed,Mounjaro,Mounjaro,5mg,Click Pharmacy,9011460,,189.99,,,
2026-10-04T13:12:05Z,2026-10-04,listed,Mounjaro,Mounjaro,7.5mg,Click Pharmacy,9011460,,239.99,,,
2026-10-04T13:12:05Z,2026-10-04,listed,Mounjaro,Mounjaro,10mg,Cloud Pharmacy,9012073,,259.99,,,
2026-10-04T13:12:05Z,2026-10-04,listed,Mounjaro,Mounjaro,12.5mg,Cloud Pharmacy,9012073,,274.99,,,
2026-10-04T13:12:05Z,2026-10-04,listed,Mounjaro,Mounjaro,15mg,Cloud Pharmacy,9012073,,294.99,,,
2026-10-04T13:12:05Z,2026-10-04,listed,Mounjaro,Mounjaro,2.5mg,Cloud Pharmacy,9012073,,164.99,,,
2026-10-04T13:12:05Z,2026-10-04,listed,Mounjaro,Mounjaro,5mg,Cloud Pharmacy,9012073,,174.99,,,
2026-10-04T13:12:05Z,2026-10-04,listed,Mounjaro,Mounjaro,7.5mg,Cloud Pharmacy,9012073,,234.99,,,
2026-10-04T13:12:05Z,2026-10-04,listed,Mounjaro,Mounjaro,10mg,Curate,9012358,,289.00,,,
2026-10-04T13:12:05Z,2026-10-04,listed,Mounjaro,Mounjaro,12.5mg,Curate,9012358,,309.00,,,
2026-10-04T13:12:05Z,2026-10-04,listed,Mounjaro,Mounjaro,15mg,Curate,9012358,,329.00,,,
2026-10-04T13:12:05Z,2026-10-04,listed,Mounjaro,Mounjaro,2.5mg,Curate,9012358,,189.00,,,
2026-10-04T13:12:05Z,2026-10-04,listed,Mounjaro,Mounjaro,5mg,Curate,9012358,,199.00,,,
2026-10-04T13:12:05Z,2026-10-04,listed,Mounjaro,Mounjaro,7.5mg,Curate,9012358,,259.00,,,
2026-10-04T13:12:05Z,2026-10-04,listed,Mounjaro,Mounjaro,10mg,Cured Pharmacy,9012511,,245.00,,,
2026-10-04T13:12:05Z,2026-10-04,listed,Mounjaro,Mounjaro,12.5mg,Cured Pharmacy,9012511,,270.00,,,
2026-10-04T13:12:05Z,2026-10-04,listed,Mounjaro,Mounjaro,15mg,Cured Pharmacy,9012511,,287.00,,,
2026-10-04T13:12:05Z,2026-10-04,listed,Mounjaro,Mounjaro,2.5mg,Cured Pharmacy,9012511,,145.00,,,
2026-10-04T13:12:05Z,2026-10-04,listed,Mounjaro,Mounjaro,5mg,Cured Pharmacy,9012511,,179.00,,,
2026-10-04T13:12:05Z,2026-10-04,listed,Mounjaro,Mounjaro,7.5mg,Cured Pharmacy,9012511,,220.00,,,
2026-10-04T13:12:05Z,2026-10-04,listed,Mounjaro,Mounjaro,10mg,Curely,9012401,,260.00,,,
2026-10-04T13:12:05Z,2026-10-04,listed,Mounjaro,Mounjaro,12.5mg,Curely,9012401,,280.00,,,
2026-10-04T13:12:05Z,2026-10-04,listed,Mounjaro,Mounjaro,15mg,Curely,9012401,,305.00,,,
2026-10-04T13:12:05Z,2026-10-04,listed,Mounjaro,Mounjaro,2.5mg,Curely,9012401,,139.59,,,
2026-10-04T13:12:05Z,2026-10-04,listed,Mounjaro,Mounjaro,5mg,Curely,9012401,,185.00,,,
2026-10-04T13:12:05Z,2026-10-04,listed,Mounjaro,Mounjaro,7.5mg,Curely,9012401,,238.00,,,
2026-10-04T13:12:05Z,2026-10-04,listed,Mounjaro,Mounjaro,10mg,Cuva Health,9012581,,250.99,,,MED6
2026-10-04T13:12:05Z,2026-10-04,listed,Mounjaro,Mounjaro,12.5mg,Cuva Health,9012581,,267.99,,,MED6
2026-10-04T13:12:05Z,2026-10-04,listed,Mounjaro,Mounjaro,15mg,Cuva Health,9012581,,288.99,,,MED6
2026-10-04T13:12:05Z,2026-10-04,listed,Mounjaro,Mounjaro,2.5mg,Cuva Health,9012581,,133.99,,,MED6
2026-10-04T13:12:05Z,2026-10-04,listed,Mounjaro,Mounjaro,5mg,Cuva Health,9012581,,173.99,,,MED6
2026-10-04T13:12:05Z,2026-10-04,listed,Mounjaro,Mounjaro,7.5mg,Cuva Health,9012581,,225.99,,,MED6
2026-10-04T13:12:05Z,2026-10-04,listed,Mounjaro,Mounjaro,10mg,E-Surgery,9012167,,229.95,,,Click the Pharmacy name for up to 22% off
2026-10-04T13:12:05Z,2026-10-04,listed,Mounjaro,Mounjaro,12.5mg,E-Surgery,9012167,,249.95,,,Click the Pharmacy name for up to 22% off
2026-10-04T13:12:05Z,2026-10-04,listed,Mounjaro,Mounjaro,15mg,E-Surgery,9012167,,265.95,,,Click the Pharmacy name for up to 22% off
2026-10-04T13:12:05Z,2026-10-04,listed,Mounjaro,Mounjaro,2.5mg,E-Surgery,9012167,,119.95,,,Click the Pharmacy name for up to 22% off
2026-10-04T13:12:05Z,2026-10-04,listed,Mounjaro,Mounjaro,5mg,E-Surgery,9012167,,139.95,,,Click the Pharmacy name for up to 22% off
2026-10-04T13:12:05Z,2026-10-04,listed,Mounjaro,Mounjaro,7.5mg,E-Surgery,9012167,,199.95,,,Click the Pharmacy name for up to 22% off
2026-10-04T13:12:05Z,2026-10-04,listed,Mounjaro,Mounjaro,10mg,Farmeci,9011790,,212.38,,,MEDFARM10
2026-10-04T13:12:05Z,2026-10-04,listed,Mounjaro,Mounjaro,12.5mg,Farmeci,9011790,,228.78,,,MEDFARM10
2026-10-04T13:12:05Z,2026-10-04,listed,Mounjaro,Mounjaro,15mg,Farmeci,9011790,,245.18,,,MEDFARM10
2026-10-04T13:12:05Z,2026-10-04,listed,Mounjaro,Mounjaro,2.5mg,Farmeci,9011790,,118.90,,,MEDFARM10
2026-10-04T13:12:05Z,2026-10-04,listed,Mounjaro,Mounjaro,5mg,Farmeci,9011790,,146.78,,,MEDFARM10
2026-10-04T13:12:05Z,2026-10-04,listed,Mounjaro,Mounjaro,7.5mg,Farmeci,9011790,,195.98,,,MEDFARM10
2026-10-04T13:12:05Z,2026-10-04,listed,Mounjaro,Mounjaro,10mg,Fella,9012625,,269.00,,,
2026-10-04T13:12:05Z,2026-10-04,listed,Mounjaro,Mounjaro,12.5mg,Fella,9012625,,289.00,,,
2026-10-04T13:12:05Z,2026-10-04,listed,Mounjaro,Mounjaro,15mg,Fella,9012625,,299.00,,,
2026-10-04T13:12:05Z,2026-10-04,listed,Mounjaro,Mounjaro,2.5mg,Fella,9012625,,149.00,,,
2026-10-04T13:12:05Z,2026-10-04,listed,Mounjaro,Mounjaro,5mg,Fella,9012625,,179.00,,,
2026-10-04T13:12:05Z,2026-10-04,listed,Mounjaro,Mounjaro,7.5mg,Fella,9012625,,239.00,,,
2026-10-04T13:12:05Z,2026-10-04,listed,Mounjaro,Mounjaro,10mg,Fylde Clinic,9012835,,235.00,,,
2026-10-04T13:12:05Z,2026-10-04,listed,Mounjaro,Mounjaro,12.5mg,Fylde Clinic,9012835,,250.00,,,
2026-10-04T13:12:05Z,2026-10-04,listed,Mounjaro,Mounjaro,15mg,Fylde Clinic,9012835,,270.00,,,
2026-10-04T13:12:05Z,2026-10-04,listed,Mounjaro,Mounjaro,2.5mg,Fylde Clinic,9012835,,134.00,,,
2026-10-04T13:12:05Z,2026-10-04,listed,Mounjaro,Mounjaro,5mg,Fylde Clinic,9012835,,160.00,,,
2026-10-04T13:12:05Z,2026-10-04,listed,Mounjaro,Mounjaro,7.5mg,Fylde Clinic,9012835,,210.00,,,
2026-10-04T13:12:05Z,2026-10-04,listed,Mounjaro,Mounjaro,10mg,Get A Drip,9012347,,249.00,,,
2026-10-04T13:12:05Z,2026-10-04,listed,Mounjaro,Mounjaro,12.5mg,Get A Drip,9012347,,269.00,,,
2026-10-04T13:12:05Z,2026-10-04,listed,Mounjaro,Mounjaro,15mg,Get A Drip,9012347,,289.00,,,
2026-10-04T13:12:05Z,2026-10-04,listed,Mounjaro,Mounjaro,2.5mg,Get A Drip,9012347,,149.00,,,
2026-10-04T13:12:05Z,2026-10-04,listed,Mounjaro,Mounjaro,5mg,Get A Drip,9012347,,169.00,,,
2026-10-04T13:12:05Z,2026-10-04,listed,Mounjaro,Mounjaro,7.5mg,Get A Drip,9012347,,219.00,,,
2026-10-04T13:12:05Z,2026-10-04,listed,Mounjaro,Mounjaro,10mg,Happy Pharmacy,9012585,,254.99,,,
2026-10-04T13:12:05Z,2026-10-04,listed,Mounjaro,Mounjaro,12.5mg,Happy Pharmacy,9012585,,269.99,,,
2026-10-04T13:12:05Z,2026-10-04,listed,Mounjaro,Mounjaro,15mg,Happy Pharmacy,9012585,,299.99,,,
2026-10-04T13:12:05Z,2026-10-04,listed,Mounjaro,Mounjaro,2.5mg,Happy Pharmacy,9012585,,139.99,,,
2026-10-04T13:12:05Z,2026-10-04,listed,Mounjaro,Mounjaro,5mg,Happy Pharmacy,9012585,,174.99,,,
2026-10-04T13:12:05Z,2026-10-04,listed,Mounjaro,Mounjaro,7.5mg,Happy Pharmacy,9012585,,229.99,,,
2026-10-04T13:12:05Z,2026-10-04,listed,Mounjaro,Mounjaro,10mg,IQ Doctor,9010411,,274.99,,,
2026-10-04T13:12:05Z,2026-10-04,listed,Mounjaro,Mounjaro,12.5mg,IQ Doctor,9010411,,294.99,,,
2026-10-04T13:12:05Z,2026-10-04,listed,Mounjaro,Mounjaro,15mg,IQ Doctor,9010411,,304.99,,,
2026-10-04T13:12:05Z,2026-10-04,listed,Mounjaro,Mounjaro,2.5mg,IQ Doctor,9010411,,174.99,,,
2026-10-04T13:12:05Z,2026-10-04,listed,Mounjaro,Mounjaro,5mg,IQ Doctor,9010411,,194.99,,,
2026-10-04T13:12:05Z,2026-10-04,listed,Mounjaro,Mounjaro,7.5mg,IQ Doctor,9010411,,244.99,,,
2026-10-04T13:12:05Z,2026-10-04,listed,Mounjaro,Mounjaro,10mg,Juniper,9011842,,304.00,,,
2026-10-04T13:12:05Z,2026-10-04,listed,Mounjaro,Mounjaro,12.5mg,Juniper,9011842,,329.00,,,
2026-10-04T13:12:05Z,2026-10-04,listed,Mounjaro,Mounjaro,15mg,Juniper,9011842,,339.00,,,
2026-10-04T13:12:05Z,2026-10-04,listed,Mounjaro,Mounjaro,2.5mg,Juniper,9011842,,199.00,,,
2026-10-04T13:12:05Z,2026-10-04,listed,Mounjaro,Mounjaro,5mg,Juniper,9011842,,229.00,,,
2026-10-04T13:12:05Z,2026-10-04,listed,Mounjaro,Mounjaro,7.5mg,Juniper,9011842,,279.00,,,
2026-10-04T13:12:05Z,2026-10-04,listed,Mounjaro,Mounjaro,10mg,Live Well Weight Loss,9012516,,244.00,,,FIRST5
2026-10-04T13:12:05Z,2026-10-04,listed,Mounjaro,Mounjaro,12.5mg,Live Well Weight Loss,9012516,,264.00,,,FIRST5
2026-10-04T13:12:05Z,2026-10-04,listed,Mounjaro,Mounjaro,15mg,Live Well Weight Loss,9012516,,284.00,,,FIRST5
2026-10-04T13:12:05Z,2026-10-04,listed,Mounjaro,Mounjaro,2.5mg,Live Well Weight Loss,9012516,,139.00,,,FIRST5
2026-10-04T13:12:05Z,2026-10-04,listed,Mounjaro,Mounjaro,5mg,Live Well Weight Loss,9012516,,164.00,,,FIRST5
2026-10-04T13:12:05Z,2026-10-04,listed,Mounjaro,Mounjaro,7.5mg,Live Well Weight Loss,9012516,,220.00,,,FIRST5
2026-10-04T13:12:05Z,2026-10-04,listed,Mounjaro,Mounjaro,10mg,Lloyds Pharmacy,9011437,,279.99,,,
2026-10-04T13:12:05Z,2026-10-04,listed,Mounjaro,Mounjaro,12.5mg,Lloyds Pharmacy,9011437,,299.99,,,
2026-10-04T13:12:05Z,2026-10-04,listed,Mounjaro,Mounjaro,15mg,Lloyds Pharmacy,9011437,,309.99,,,
2026-10-04T13:12:05Z,2026-10-04,listed,Mounjaro,Mounjaro,2.5mg,Lloyds Pharmacy,9011437,,179.99,,,
2026-10-04T13:12:05Z,2026-10-04,listed,Mounjaro,Mounjaro,5mg,Lloyds Pharmacy,9011437,,189.99,,,
2026-10-04T13:12:05Z,2026-10-04,listed,Mounjaro,Mounjaro,7.5mg,Lloyds Pharmacy,9011437,,249.99,,,
2026-10-04T13:12:05Z,2026-10-04,listed,Mounjaro,Mounjaro,10mg,Lotus Weight Loss,9011284,,206.00,,,LWSAVE40
2026-10-04T13:12:05Z,2026-10-04,listed,Mounjaro,Mounjaro,12.5mg,Lotus Weight Loss,9011284,,228.00,,,LWSAVE40
2026-10-04T13:12:05Z,2026-10-04,listed,Mounjaro,Mounjaro,15mg,Lotus Weight Loss,9011284,,244.00,,,LWSAVE40
2026-10-04T13:12:05Z,2026-10-04,listed,Mounjaro,Mounjaro,2.5mg,Lotus Weight Loss,9011284,,114.00,,,LWSAVE40
2026-10-04T13:12:05Z,2026-10-04,listed,Mounjaro,Mounjaro,5mg,Lotus Weight Loss,9011284,,128.00,,,LWSAVE40
2026-10-04T13:12:05Z,2026-10-04,listed,Mounjaro,Mounjaro,7.5mg,Lotus Weight Loss,9011284,,181.00,,,LWSAVE40
2026-10-04T13:12:05Z,2026-10-04,listed,Mounjaro,Mounjaro,10mg,MSH Weight Loss,9012599,,289.00,,,
2026-10-04T13:12:05Z,2026-10-04,listed,Mounjaro,Mounjaro,12.5mg,MSH Weight Loss,9012599,,299.00,,,
2026-10-04T13:12:05Z,2026-10-04,listed,Mounjaro,Mounjaro,15mg,MSH Weight Loss,9012599,,319.00,,,
2026-10-04T13:12:05Z,2026-10-04,listed,Mounjaro,Mounjaro,2.5mg,MSH Weight Loss,9012599,,189.00,,,
2026-10-04T13:12:05Z,2026-10-04,listed,Mounjaro,Mounjaro,5mg,MSH Weight Loss,9012599,,209.00,,,
2026-10-04T13:12:05Z,2026-10-04,listed,Mounjaro,Mounjaro,7.5mg,MSH Weight Loss,9012599,,249.00,,,
2026-10-04T13:12:05Z,2026-10-04,listed,Mounjaro,Mounjaro,10mg,MYBMI,9011784,,278.00,,,
2026-10-04T13:12:05Z,2026-10-04,listed,Mounjaro,Mounjaro,12.5mg,MYBMI,9011784,,299.00,,,
2026-10-04T13:12:05Z,2026-10-04,listed,Mounjaro,Mounjaro,15mg,MYBMI,9011784,,309.00,,,
2026-10-04T13:12:05Z,2026-10-04,listed,Mounjaro,Mounjaro,2.5mg,MYBMI,9011784,,169.00,,,
2026-10-04T13:12:05Z,2026-10-04,listed,Mounjaro,Mounjaro,5mg,MYBMI,9011784,,198.00,,,
2026-10-04T13:12:05Z,2026-10-04,listed,Mounjaro,Mounjaro,7.5mg,MYBMI,9011784,,248.00,,,
2026-10-04T13:12:05Z,2026-10-04,listed,Mounjaro,Mounjaro,10mg,Medexpress,9012633,,279.99,,,
2026-10-04T13:12:05Z,2026-10-04,listed,Mounjaro,Mounjaro,12.5mg,Medexpress,9012633,,299.99,,,
2026-10-04T13:12:05Z,2026-10-04,listed,Mounjaro,Mounjaro,15mg,Medexpress,9012633,,309.99,,,
2026-10-04T13:12:05Z,2026-10-04,listed,Mounjaro,Mounjaro,2.5mg,Medexpress,9012633,,179.99,,,
2026-10-04T13:12:05Z,2026-10-04,listed,Mounjaro,Mounjaro,5mg,Medexpress,9012633,,189.99,,,
2026-10-04T13:12:05Z,2026-10-04,listed,Mounjaro,Mounjaro,7.5mg,Medexpress,9012633,,249.99,,,
2026-10-04T13:12:05Z,2026-10-04,listed,Mounjaro,Mounjaro,10mg,Medicine Market place,1116946,,198.00,,,
2026-10-04T13:12:05Z,2026-10-04,listed,Mounjaro,Mounjaro,12.5mg,Medicine Market place,1116946,,212.00,,,
2026-10-04T13:12:05Z,2026-10-04,listed,Mounjaro,Mounjaro,15mg,Medicine Market place,1116946,,229.00,,,
2026-10-04T13:12:05Z,2026-10-04,listed,Mounjaro,Mounjaro,2.5mg,Medicine Market place,1116946,,99.00,,,
2026-10-04T13:12:05Z,2026-10-04,listed,Mounjaro,Mounjaro,5mg,Medicine Market place,1116946,,154.00,,,
2026-10-04T13:12:05Z,2026-10-04,listed,Mounjaro,Mounjaro,7.5mg,Medicine Market place,1116946,,178.00,,,
2026-10-04T13:12:05Z,2026-10-04,listed,Mounjaro,Mounjaro,10mg,Medicspot,9012559,,289.00,,,
2026-10-04T13:12:05Z,2026-10-04,listed,Mounjaro,Mounjaro,12.5mg,Medicspot,9012559,,309.00,,,
2026-10-04T13:12:05Z,2026-10-04,listed,Mounjaro,Mounjaro,15mg,Medicspot,9012559,,329.00,,,
2026-10-04T13:12:05Z,2026-10-04,listed,Mounjaro,Mounjaro,2.5mg,Medicspot,9012559,,199.00,,,
2026-10-04T13:12:05Z,2026-10-04,listed,Mounjaro,Mounjaro,5mg,Medicspot,9012559,,219.00,,,
2026-10-04T13:12:05Z,2026-10-04,listed,Mounjaro,Mounjaro,7.5mg,Medicspot,9012559,,269.00,,,
2026-10-04T13:12:05Z,2026-10-04,listed,Mounjaro,Mounjaro,10mg,Medino,9011921,,269.99,,,
2026-10-04T13:12:05Z,2026-10-04,listed,Mounjaro,Mounjaro,12.5mg,Medino,9011921,,299.99,,,
2026-10-04T13:12:05Z,2026-10-04,listed,Mounjaro,Mounjaro,15mg,Medino,9011921,,319.99,,,
2026-10-04T13:12:05Z,2026-10-04,listed,Mounjaro,Mounjaro,2.5mg,Medino,9011921,,147.99,,,
2026-10-04T13:12:05Z,2026-10-04,listed,Mounjaro,Mounjaro,5mg,Medino,9011921,,169.99,,,
2026-10-04T13:12:05Z,2026-10-04,listed,Mounjaro,Mounjaro,7.5mg,Medino,9011921,,249.99,,,
2026-10-04T13:12:05Z,2026-10-04,listed,Mounjaro,Mounjaro,10mg,Morrisons Clinic,2205052,,279.00,,,
2026-10-04T13:12:05Z,2026-10-04,listed,Mounjaro,Mounjaro,12.5mg,Morrisons Clinic,2205052,,299.00,,,
2026-10-04T13:12:05Z,2026-10-04,listed,Mounjaro,Mounjaro,15mg,Morrisons Clinic,2205052,,319.00,,,
2026-10-04T13:12:05Z,2026-10-04,listed,Mounjaro,Mounjaro,2.5mg,Morrisons Clinic,2205052,,169.00,,,
2026-10-04T13:12:05Z,2026-10-04,listed,Mounjaro,Mounjaro,5mg,Morrisons Clinic,2205052,,199.00,,,
2026-10-04T13:12:05Z,2026-10-04,listed,Mounjaro,Mounjaro,7.5mg,Morrisons Clinic,2205052,,249.00,,,
2026-10-04T13:12:05Z,2026-10-04,listed,Mounjaro,Mounjaro,10mg,My London Pharmacy,9012733,,212.38,,,MEDMLP10
2026-10-04T13:12:05Z,2026-10-04,listed,Mounjaro,Mounjaro,12.5mg,My London Pharmacy,9012733,,228.78,,,MEDMLP10
2026-10-04T13:12:05Z,2026-10-04,listed,Mounjaro,Mounjaro,15mg,My London Pharmacy,9012733,,245.18,,,MEDMLP10
2026-10-04T13:12:05Z,2026-10-04,listed,Mounjaro,Mounjaro,2.5mg,My London Pharmacy,9012733,,118.90,,,MEDMLP10
2026-10-04T13:12:05Z,2026-10-04,listed,Mounjaro,Mounjaro,5mg,My London Pharmacy,9012733,,146.78,,,MEDMLP10
2026-10-04T13:12:05Z,2026-10-04,listed,Mounjaro,Mounjaro,7.5mg,My London Pharmacy,9012733,,195.98,,,MEDMLP10
2026-10-04T13:12:05Z,2026-10-04,listed,Mounjaro,Mounjaro,10mg,New Health,9011199,,198.00,,,
2026-10-04T13:12:05Z,2026-10-04,listed,Mounjaro,Mounjaro,12.5mg,New Health,9011199,,212.00,,,
2026-10-04T13:12:05Z,2026-10-04,listed,Mounjaro,Mounjaro,15mg,New Health,9011199,,229.00,,,
2026-10-04T13:12:05Z,2026-10-04,listed,Mounjaro,Mounjaro,2.5mg,New Health,9011199,,99.00,,,
2026-10-04T13:12:05Z,2026-10-04,listed,Mounjaro,Mounjaro,5mg,New Health,9011199,,130.00,,,
2026-10-04T13:12:05Z,2026-10-04,listed,Mounjaro,Mounjaro,7.5mg,New Health,9011199,,178.00,,,
2026-10-04T13:12:05Z,2026-10-04,listed,Mounjaro,Mounjaro,10mg,Numan,9011408,,319.00,,,
2026-10-04T13:12:05Z,2026-10-04,listed,Mounjaro,Mounjaro,12.5mg,Numan,9011408,,339.00,,,
2026-10-04T13:12:05Z,2026-10-04,listed,Mounjaro,Mounjaro,15mg,Numan,9011408,,359.00,,,
2026-10-04T13:12:05Z,2026-10-04,listed,Mounjaro,Mounjaro,2.5mg,Numan,9011408,,219.00,,,
2026-10-04T13:12:05Z,2026-10-04,listed,Mounjaro,Mounjaro,5mg,Numan,9011408,,249.00,,,
2026-10-04T13:12:05Z,2026-10-04,listed,Mounjaro,Mounjaro,7.5mg,Numan,9011408,,299.00,,,
2026-10-04T13:12:05Z,2026-10-04,listed,Mounjaro,Mounjaro,10mg,Oushk,9012610,,239.00,,,EAZY40 and EAZY15
2026-10-04T13:12:05Z,2026-10-04,listed,Mounjaro,Mounjaro,12.5mg,Oushk,9012610,,260.00,,,EAZY40 and EAZY15
2026-10-04T13:12:05Z,2026-10-04,listed,Mounjaro,Mounjaro,15mg,Oushk,9012610,,270.00,,,EAZY40 and EAZY15
2026-10-04T13:12:05Z,2026-10-04,listed,Mounjaro,Mounjaro,2.5mg,Oushk,9012610,,129.00,,,EAZY40 and EAZY15
2026-10-04T13:12:05Z,2026-10-04,listed,Mounjaro,Mounjaro,5mg,Oushk,9012610,,149.00,,,EAZY40 and EAZY15
2026-10-04T13:12:05Z,2026-10-04,listed,Mounjaro,Mounjaro,7.5mg,Oushk,9012610,,204.00,,,EAZY40 and EAZY15
2026-10-04T13:12:05Z,2026-10-04,listed,Mounjaro,Mounjaro,10mg,Oxford Online Pharmacy,9012205,,278.96,,,
2026-10-04T13:12:05Z,2026-10-04,listed,Mounjaro,Mounjaro,12.5mg,Oxford Online Pharmacy,9012205,,288.96,,,
2026-10-04T13:12:05Z,2026-10-04,listed,Mounjaro,Mounjaro,15mg,Oxford Online Pharmacy,9012205,,309.95,,,
2026-10-04T13:12:05Z,2026-10-04,listed,Mounjaro,Mounjaro,2.5mg,Oxford Online Pharmacy,9012205,,143.96,,,
2026-10-04T13:12:05Z,2026-10-04,listed,Mounjaro,Mounjaro,5mg,Oxford Online Pharmacy,9012205,,188.96,,,
2026-10-04T13:12:05Z,2026-10-04,listed,Mounjaro,Mounjaro,7.5mg,Oxford Online Pharmacy,9012205,,248.96,,,
2026-10-04T13:12:05Z,2026-10-04,listed,Mounjaro,Mounjaro,10mg,Peak Pharmacy,9012214,,274.00,,,
2026-10-04T13:12:05Z,2026-10-04,listed,Mounjaro,Mounjaro,12.5mg,Peak Pharmacy,9012214,,304.00,,,
2026-10-04T13:12:05Z,2026-10-04,listed,Mounjaro,Mounjaro,15mg,Peak Pharmacy,9012214,,324.00,,,
2026-10-04T13:12:05Z,2026-10-04,listed,Mounjaro,Mounjaro,2.5mg,Peak Pharmacy,9012214,,157.00,,,
2026-10-04T13:12:05Z,2026-10-04,listed,Mounjaro,Mounjaro,5mg,Peak Pharmacy,9012214,,172.00,,,
2026-10-04T13:12:05Z,2026-10-04,listed,Mounjaro,Mounjaro,7.5mg,Peak Pharmacy,9012214,,250.00,,,
2026-10-04T13:12:05Z,2026-10-04,listed,Mounjaro,Mounjaro,10mg,Pharmacy Advance,9012423,,259.99,,,
2026-10-04T13:12:05Z,2026-10-04,listed,Mounjaro,Mounjaro,12.5mg,Pharmacy Advance,9012423,,274.99,,,
2026-10-04T13:12:05Z,2026-10-04,listed,Mounjaro,Mounjaro,15mg,Pharmacy Advance,9012423,,299.99,,,
2026-10-04T13:12:05Z,2026-10-04,listed,Mounjaro,Mounjaro,2.5mg,Pharmacy Advance,9012423,,144.99,,,
2026-10-04T13:12:05Z,2026-10-04,listed,Mounjaro,Mounjaro,5mg,Pharmacy Advance,9012423,,164.99,,,
2026-10-04T13:12:05Z,2026-10-04,listed,Mounjaro,Mounjaro,7.5mg,Pharmacy Advance,9012423,,239.99,,,
2026-10-04T13:12:05Z,2026-10-04,listed,Mounjaro,Mounjaro,10mg,Pharmacy Express,9012468,,244.99,,,
2026-10-04T13:12:05Z,2026-10-04,listed,Mounjaro,Mounjaro,12.5mg,Pharmacy Express,9012468,,264.99,,,
2026-10-04T13:12:05Z,2026-10-04,listed,Mounjaro,Mounjaro,15mg,Pharmacy Express,9012468,,284.99,,,
2026-10-04T13:12:05Z,2026-10-04,listed,Mounjaro,Mounjaro,2.5mg,Pharmacy Express,9012468,,144.99,,,
2026-10-04T13:12:05Z,2026-10-04,listed,Mounjaro,Mounjaro,5mg,Pharmacy Express,9012468,,164.99,,,
2026-10-04T13:12:05Z,2026-10-04,listed,Mounjaro,Mounjaro,7.5mg,Pharmacy Express,9012468,,224.99,,,
2026-10-04T13:12:05Z,2026-10-04,listed,Mounjaro,Mounjaro,10mg,Pharmacy Online,9011756,,269.99,,,
2026-10-04T13:12:05Z,2026-10-04,listed,Mounjaro,Mounjaro,12.5mg,Pharmacy Online,9011756,,289.99,,,
2026-10-04T13:12:05Z,2026-10-04,listed,Mounjaro,Mounjaro,15mg,Pharmacy Online,9011756,,299.99,,,
2026-10-04T13:12:05Z,2026-10-04,listed,Mounjaro,Mounjaro,2.5mg,Pharmacy Online,9011756,,145.00,,,
2026-10-04T13:12:05Z,2026-10-04,listed,Mounjaro,Mounjaro,5mg,Pharmacy Online,9011756,,169.99,,,
2026-10-04T13:12:05Z,2026-10-04,listed,Mounjaro,Mounjaro,7.5mg,Pharmacy Online,9011756,,239.99,,,
2026-10-04T13:12:05Z,2026-10-04,listed,Mounjaro,Mounjaro,10mg,Pharmacy Planet,9010288,,230.00,,,
2026-10-04T13:12:05Z,2026-10-04,listed,Mounjaro,Mounjaro,12.5mg,Pharmacy Planet,9010288,,250.00,,,
2026-10-04T13:12:05Z,2026-10-04,listed,Mounjaro,Mounjaro,15mg,Pharmacy Planet,9010288,,270.00,,,
2026-10-04T13:12:05Z,2026-10-04,listed,Mounjaro,Mounjaro,2.5mg,Pharmacy Planet,9010288,,128.00,,,
2026-10-04T13:12:05Z,2026-10-04,listed,Mounjaro,Mounjaro,5mg,Pharmacy Planet,9010288,,155.00,,,
2026-10-04T13:12:05Z,2026-10-04,listed,Mounjaro,Mounjaro,7.5mg,Pharmacy Planet,9010288,,200.00,,,
2026-10-04T13:12:05Z,2026-10-04,listed,Mounjaro,Mounjaro,10mg,Pharmacy2U,9010146,,279.99,,,
2026-10-04T13:12:05Z,2026-10-04,listed,Mounjaro,Mounjaro,12.5mg,Pharmacy2U,9010146,,289.99,,,
2026-10-04T13:12:05Z,2026-10-04,listed,Mounjaro,Mounjaro,15mg,Pharmacy2U,9010146,,299.99,,,
2026-10-04T13:12:05Z,2026-10-04,listed,Mounjaro,Mounjaro,2.5mg,Pharmacy2U,9010146,,169.99,,,
2026-10-04T13:12:05Z,2026-10-04,listed,Mounjaro,Mounjaro,5mg,Pharmacy2U,9010146,,189.99,,,
2026-10-04T13:12:05Z,2026-10-04,listed,Mounjaro,Mounjaro,7.5mg,Pharmacy2U,9010146,,244.99,,,
2026-10-04T13:12:05Z,2026-10-04,listed,Mounjaro,Mounjaro,10mg,Pharmalogic Chemist,1103968,,238.00,,,
2026-10-04T13:12:05Z,2026-10-04,listed,Mounjaro,Mounjaro,12.5mg,Pharmalogic Chemist,1103968,,253.00,,,
2026-10-04T13:12:05Z,2026-10-04,listed,Mounjaro,Mounjaro,15mg,Pharmalogic Chemist,1103968,,273.00,,,
2026-10-04T13:12:05Z,2026-10-04,listed,Mounjaro,Mounjaro,2.5mg,Pharmalogic Chemist,1103968,,142.50,,,
2026-10-04T13:12:05Z,2026-10-04,listed,Mounjaro,Mounjaro,5mg,Pharmalogic Chemist,1103968,,158.00,,,
2026-10-04T13:12:05Z,2026-10-04,listed,Mounjaro,Mounjaro,7.5mg,Pharmalogic Chemist,1103968,,213.00,,,
2026-10-04T13:12:05Z,2026-10-04,listed,Mounjaro,Mounjaro,10mg,Pharmica,9012030,,284.99,,,
2026-10-04T13:12:05Z,2026-10-04,listed,Mounjaro,Mounjaro,12.5mg,Pharmica,9012030,,309.99,,,
2026-10-04T13:12:05Z,2026-10-04,listed,Mounjaro,Mounjaro,15mg,Pharmica,9012030,,319.99,,,
2026-10-04T13:12:05Z,2026-10-04,listed,Mounjaro,Mounjaro,2.5mg,Pharmica,9012030,,159.99,,,
2026-10-04T13:12:05Z,2026-10-04,listed,Mounjaro,Mounjaro,5mg,Pharmica,9012030,,199.99,,,
2026-10-04T13:12:05Z,2026-10-04,listed,Mounjaro,Mounjaro,7.5mg,Pharmica,9012030,,259.99,,,
2026-10-04T13:12:05Z,2026-10-04,listed,Mounjaro,Mounjaro,10mg,Pharmulous,9012252,,239.99,,,
2026-10-04T13:12:05Z,2026-10-04,listed,Mounjaro,Mounjaro,12.5mg,Pharmulous,9012252,,259.99,,,
2026-10-04T13:12:05Z,2026-10-04,listed,Mounjaro,Mounjaro,15mg,Pharmulous,9012252,,274.99,,,
2026-10-04T13:12:05Z,2026-10-04,listed,Mounjaro,Mounjaro,2.5mg,Pharmulous,9012252,,144.99,,,
2026-10-04T13:12:05Z,2026-10-04,listed,Mounjaro,Mounjaro,5mg,Pharmulous,9012252,,164.99,,,
2026-10-04T13:12:05Z,2026-10-04,listed,Mounjaro,Mounjaro,7.5mg,Pharmulous,9012252,,214.99,,,
2026-10-04T13:12:05Z,2026-10-04,listed,Mounjaro,Mounjaro,10mg,Phlo Clinic,9011171,,279.00,,,
2026-10-04T13:12:05Z,2026-10-04,listed,Mounjaro,Mounjaro,12.5mg,Phlo Clinic,9011171,,299.00,,,
2026-10-04T13:12:05Z,2026-10-04,listed,Mounjaro,Mounjaro,15mg,Phlo Clinic,9011171,,319.00,,,
2026-10-04T13:12:05Z,2026-10-04,listed,Mounjaro,Mounjaro,2.5mg,Phlo Clinic,9011171,,169.00,,,
2026-10-04T13:12:05Z,2026-10-04,listed,Mounjaro,Mounjaro,5mg,Phlo Clinic,9011171,,199.00,,,
2026-10-04T13:12:05Z,2026-10-04,listed,Mounjaro,Mounjaro,7.5mg,Phlo Clinic,9011171,,249.00,,,
2026-10-04T13:12:05Z,2026-10-04,listed,Mounjaro,Mounjaro,10mg,Pills2U,9012634,,233.99,,,MedEazy
2026-10-04T13:12:05Z,2026-10-04,listed,Mounjaro,Mounjaro,12.5mg,Pills2U,9012634,,254.99,,,MedEazy
2026-10-04T13:12:05Z,2026-10-04,listed,Mounjaro,Mounjaro,15mg,Pills2U,9012634,,279.99,,,MedEazy
2026-10-04T13:12:05Z,2026-10-04,listed,Mounjaro,Mounjaro,2.5mg,Pills2U,9012634,,135.99,,,MedEazy
2026-10-04T13:12:05Z,2026-10-04,listed,Mounjaro,Mounjaro,5mg,Pills2U,9012634,,154.98,,,MedEazy
2026-10-04T13:12:05Z,2026-10-04,listed,Mounjaro,Mounjaro,7.5mg,Pills2U,9012634,,208.98,,,MedEazy
2026-10-04T13:12:05Z,2026-10-04,listed,Mounjaro,Mounjaro,10mg,Pillsorted,9011258,,259.00,,,
2026-10-04T13:12:05Z,2026-10-04,listed,Mounjaro,Mounjaro,12.5mg,Pillsorted,9011258,,279.00,,,
2026-10-04T13:12:05Z,2026-10-04,listed,Mounjaro,Mounjaro,15mg,Pillsorted,9011258,,289.00,,,
2026-10-04T13:12:05Z,2026-10-04,listed,Mounjaro,Mounjaro,2.5mg,Pillsorted,9011258,,159.00,,,
2026-10-04T13:12:05Z,2026-10-04,listed,Mounjaro,Mounjaro,5mg,Pillsorted,9011258,,179.00,,,
2026-10-04T13:12:05Z,2026-10-04,listed,Mounjaro,Mounjaro,7.5mg,Pillsorted,9011258,,229.00,,,
2026-10-04T13:12:05Z,2026-10-04,listed,Mounjaro,Mounjaro,10mg,Private Doc,1107567,,277.00,,,
2026-10-04T13:12:05Z,2026-10-04,listed,Mounjaro,Mounjaro,12.5mg,Private Doc,1107567,,297.00,,,
2026-10-04T13:12:05Z,2026-10-04,listed,Mounjaro,Mounjaro,15mg,Private Doc,1107567,,317.00,,,
2026-10-04T13:12:05Z,2026-10-04,listed,Mounjaro,Mounjaro,2.5mg,Private Doc,1107567,,167.00,,,
2026-10-04T13:12:05Z,2026-10-04,listed,Mounjaro,Mounjaro,5mg,Private Doc,1107567,,197.00,,,
2026-10-04T13:12:05Z,2026-10-04,listed,Mounjaro,Mounjaro,7.5mg,Private Doc,1107567,,247.00,,,
2026-10-04T13:12:05Z,2026-10-04,listed,Mounjaro,Mounjaro,10mg,Quick Meds,9012521,,289.95,,,
2026-10-04T13:12:05Z,2026-10-04,listed,Mounjaro,Mounjaro,12.5mg,Quick Meds,9012521,,309.95,,,
2026-10-04T13:12:05Z,2026-10-04,listed,Mounjaro,Mounjaro,15mg,Quick Meds,9012521,,329.95,,,
2026-10-04T13:12:05Z,2026-10-04,listed,Mounjaro,Mounjaro,2.5mg,Quick Meds,9012521,,169.95,,,
2026-10-04T13:12:05Z,2026-10-04,listed,Mounjaro,Mounjaro,5mg,Quick Meds,9012521,,189.95,,,
2026-10-04T13:12:05Z,2026-10-04,listed,Mounjaro,Mounjaro,7.5mg,Quick Meds,9012521,,249.95,,,
2026-10-04T13:12:05Z,2026-10-04,listed,Mounjaro,Mounjaro,10mg,Rightangled Pharmacy,9011933,,279.99,,,
2026-10-04T13:12:05Z,2026-10-04,listed,Mounjaro,Mounjaro,12.5mg,Rightangled Pharmacy,9011933,,289.99,,,
2026-10-04T13:12:05Z,2026-10-04,listed,Mounjaro,Mounjaro,15mg,Rightangled Pharmacy,9011933,,309.99,,,
2026-10-04T13:12:05Z,2026-10-04,listed,Mounjaro,Mounjaro,2.5mg,Rightangled Pharmacy,9011933,,164.99,,,
2026-10-04T13:12:05Z,2026-10-04,listed,Mounjaro,Mounjaro,5mg,Rightangled Pharmacy,9011933,,179.99,,,
2026-10-04T13:12:05Z,2026-10-04,listed,Mounjaro,Mounjaro,7.5mg,Rightangled Pharmacy,9011933,,239.99,,,
2026-10-04T13:12:05Z,2026-10-04,listed,Mounjaro,Mounjaro,10mg,Second Nature,9010938,,259.00,,,
2026-10-04T13:12:05Z,2026-10-04,listed,Mounjaro,Mounjaro,12.5mg,Second Nature,9010938,,279.00,,,
2026-10-04T13:12:05Z,2026-10-04,listed,Mounjaro,Mounjaro,15mg,Second Nature,9010938,,299.00,,,
2026-10-04T13:12:05Z,2026-10-04,listed,Mounjaro,Mounjaro,2.5mg,Second Nature,9010938,,179.00,,,
2026-10-04T13:12:05Z,2026-10-04,listed,Mounjaro,Mounjaro,5mg,Second Nature,9010938,,209.00,,,
2026-10-04T13:12:05Z,2026-10-04,listed,Mounjaro,Mounjaro,7.5mg,Second Nature,9010938,,239.00,,,
2026-10-04T13:12:05Z,2026-10-04,listed,Mounjaro,Mounjaro,10mg,SheMed,9012578,,254.00,,,
2026-10-04T13:12:05Z,2026-10-04,listed,Mounjaro,Mounjaro,12.5mg,SheMed,9012578,,294.00,,,
2026-10-04T13:12:05Z,2026-10-04,listed,Mounjaro,Mounjaro,15mg,SheMed,9012578,,294.00,,,
2026-10-04T13:12:05Z,2026-10-04,listed,Mounjaro,Mounjaro,2.5mg,SheMed,9012578,,154.00,,,
2026-10-04T13:12:05Z,2026-10-04,listed,Mounjaro,Mounjaro,5mg,SheMed,9012578,,204.00,,,
2026-10-04T13:12:05Z,2026-10-04,listed,Mounjaro,Mounjaro,7.5mg,SheMed,9012578,,254.00,,,
2026-10-04T13:12:05Z,2026-10-04,listed,Mounjaro,Mounjaro,10mg,Simple Online Pharmacy,9011287,,279.99,,,
2026-10-04T13:12:05Z,2026-10-04,listed,Mounjaro,Mounjaro,12.5mg,Simple Online Pharmacy,9011287,,299.99,,,
2026-10-04T13:12:05Z,2026-10-04,listed,Mounjaro,Mounjaro,15mg,Simple Online Pharmacy,9011287,,319.99,,,
2026-10-04T13:12:05Z,2026-10-04,listed,Mounjaro,Mounjaro,2.5mg,Simple Online Pharmacy,9011287,,169.00,,,
2026-10-04T13:12:05Z,2026-10-04,listed,Mounjaro,Mounjaro,5mg,Simple Online Pharmacy,9011287,,199.99,,,
2026-10-04T13:12:05Z,2026-10-04,listed,Mounjaro,Mounjaro,7.5mg,Simple Online Pharmacy,9011287,,259.99,,,
2026-10-04T13:12:05Z,2026-10-04,listed,Mounjaro,Mounjaro,10mg,Simply Meds Online,9010764,,279.99,,,
2026-10-04T13:12:05Z,2026-10-04,listed,Mounjaro,Mounjaro,12.5mg,Simply Meds Online,9010764,,299.99,,,
2026-10-04T13:12:05Z,2026-10-04,listed,Mounjaro,Mounjaro,15mg,Simply Meds Online,9010764,,319.99,,,
2026-10-04T13:12:05Z,2026-10-04,listed,Mounjaro,Mounjaro,2.5mg,Simply Meds Online,9010764,,179.99,,,
2026-10-04T13:12:05Z,2026-10-04,listed,Mounjaro,Mounjaro,5mg,Simply Meds Online,9010764,,189.99,,,
2026-10-04T13:12:05Z,2026-10-04,listed,Mounjaro,Mounjaro,7.5mg,Simply Meds Online,9010764,,249.99,,,
2026-10-04T13:12:05Z,2026-10-04,listed,Mounjaro,Mounjaro,10mg,Superdrug,9010736,,299.00,,,
2026-10-04T13:12:05Z,2026-10-04,listed,Mounjaro,Mounjaro,12.5mg,Superdrug,9010736,,319.00,,,
2026-10-04T13:12:05Z,2026-10-04,listed,Mounjaro,Mounjaro,15mg,Superdrug,9010736,,339.00,,,
2026-10-04T13:12:05Z,2026-10-04,listed,Mounjaro,Mounjaro,2.5mg,Superdrug,9010736,,179.00,,,
2026-10-04T13:12:05Z,2026-10-04,listed,Mounjaro,Mounjaro,5mg,Superdrug,9010736,,199.00,,,
2026-10-04T13:12:05Z,2026-10-04,listed,Mounjaro,Mounjaro,7.5mg,Superdrug,9010736,,259.00,,,
2026-10-04T13:12:05Z,2026-10-04,listed,Mounjaro,Mounjaro,10mg,Swift Doctor,9012809,,239.00,,,SWIFTD5 and SWIFTD10
2026-10-04T13:12:05Z,2026-10-04,listed,Mounjaro,Mounjaro,12.5mg,Swift Doctor,9012809,,255.00,,,SWIFTD5 and SWIFTD10
2026-10-04T13:12:05Z,2026-10-04,listed,Mounjaro,Mounjaro,15mg,Swift Doctor,9012809,,279.00,,,SWIFTD5 and SWIFTD10
2026-10-04T13:12:05Z,2026-10-04,listed,Mounjaro,Mounjaro,2.5mg,Swift Doctor,9012809,,139.00,,,SWIFTD5 and SWIFTD10
2026-10-04T13:12:05Z,2026-10-04,listed,Mounjaro,Mounjaro,5mg,Swift Doctor,9012809,,159.00,,,SWIFTD5 and SWIFTD10
2026-10-04T13:12:05Z,2026-10-04,listed,Mounjaro,Mounjaro,7.5mg,Swift Doctor,9012809,,215.00,,,SWIFTD5 and SWIFTD10
2026-10-04T13:12:05Z,2026-10-04,listed,Mounjaro,Mounjaro,10mg,The Care Pharmacy,9010308,,249.99,,,TCP10
2026-10-04T13:12:05Z,2026-10-04,listed,Mounjaro,Mounjaro,12.5mg,The Care Pharmacy,9010308,,269.99,,,TCP10
2026-10-04T13:12:05Z,2026-10-04,listed,Mounjaro,Mounjaro,15mg,The Care Pharmacy,9010308,,289.99,,,TCP10
2026-10-04T13:12:05Z,2026-10-04,listed,Mounjaro,Mounjaro,2.5mg,The Care Pharmacy,9010308,,139.99,,,TCP10
2026-10-04T13:12:05Z,2026-10-04,listed,Mounjaro,Mounjaro,5mg,The Care Pharmacy,9010308,,174.99,,,TCP10
2026-10-04T13:12:05Z,2026-10-04,listed,Mounjaro,Mounjaro,7.5mg,The Care Pharmacy,9010308,,224.99,,,TCP10
2026-10-04T13:12:05Z,2026-10-04,listed,Mounjaro,Mounjaro,10mg,The Family Chemist,9012318,,258.99,,,
2026-10-04T13:12:05Z,2026-10-04,listed,Mounjaro,Mounjaro,12.5mg,The Family Chemist,9012318,,278.99,,,
2026-10-04T13:12:05Z,2026-10-04,listed,Mounjaro,Mounjaro,15mg,The Family Chemist,9012318,,293.99,,,
2026-10-04T13:12:05Z,2026-10-04,listed,Mounjaro,Mounjaro,2.5mg,The Family Chemist,9012318,,164.99,,,
2026-10-04T13:12:05Z,2026-10-04,listed,Mounjaro,Mounjaro,5mg,The Family Chemist,9012318,,178.99,,,
2026-10-04T13:12:05Z,2026-10-04,listed,Mounjaro,Mounjaro,7.5mg,The Family Chemist,9012318,,234.99,,,
2026-10-04T13:12:05Z,2026-10-04,listed,Mounjaro,Mounjaro,10mg,The Independent Pharmacy,9012559,,289.99,,,
2026-10-04T13:12:05Z,2026-10-04,listed,Mounjaro,Mounjaro,12.5mg,The Independent Pharmacy,9012559,,304.99,,,
2026-10-04T13:12:05Z,2026-10-04,listed,Mounjaro,Mounjaro,15mg,The Independent Pharmacy,9012559,,329.99,,,
2026-10-04T13:12:05Z,2026-10-04,listed,Mounjaro,Mounjaro,2.5mg,The Independent Pharmacy,9012559,,179.99,,,
2026-10-04T13:12:05Z,2026-10-04,listed,Mounjaro,Mounjaro,5mg,The Independent Pharmacy,9012559,,199.99,,,
2026-10-04T13:12:05Z,2026-10-04,listed,Mounjaro,Mounjaro,7.5mg,The Independent Pharmacy,9012559,,259.99,,,
2026-10-04T13:12:05Z,2026-10-04,listed,Mounjaro,Mounjaro,10mg,Tribelle,9012688,,245.00,,,
2026-10-04T13:12:05Z,2026-10-04,listed,Mounjaro,Mounjaro,12.5mg,Tribelle,9012688,,265.00,,,
2026-10-04T13:12:05Z,2026-10-04,listed,Mounjaro,Mounjaro,15mg,Tribelle,9012688,,285.00,,,
2026-10-04T13:12:05Z,2026-10-04,listed,Mounjaro,Mounjaro,2.5mg,Tribelle,9012688,,145.00,,,
2026-10-04T13:12:05Z,2026-10-04,listed,Mounjaro,Mounjaro,5mg,Tribelle,9012688,,168.00,,,
2026-10-04T13:12:05Z,2026-10-04,listed,Mounjaro,Mounjaro,7.5mg,Tribelle,9012688,,219.00,,,
2026-10-04T13:12:05Z,2026-10-04,listed,Mounjaro,Mounjaro,10mg,Trim,9012710,,235.00,,,Click on pharmacy name for £30 off
2026-10-04T13:12:05Z,2026-10-04,listed,Mounjaro,Mounjaro,12.5mg,Trim,9012710,,265.00,,,Click on pharmacy name for £30 off
2026-10-04T13:12:05Z,2026-10-04,listed,Mounjaro,Mounjaro,15mg,Trim,9012710,,265.00,,,Click on pharmacy name for £30 off
2026-10-04T13:12:05Z,2026-10-04,listed,Mounjaro,Mounjaro,2.5mg,Trim,9012710,,135.00,,,Click on pharmacy name for £30 off
2026-10-04T13:12:05Z,2026-10-04,listed,Mounjaro,Mounjaro,5mg,Trim,9012710,,165.00,,,Click on pharmacy name for £30 off
2026-10-04T13:12:05Z,2026-10-04,listed,Mounjaro,Mounjaro,7.5mg,Trim,9012710,,205.00,,,Click on pharmacy name for £30 off
2026-10-04T13:12:05Z,2026-10-04,listed,Mounjaro,Mounjaro,10mg,Voy,9012134,,324.00,,,
2026-10-04T13:12:05Z,2026-10-04,listed,Mounjaro,Mounjaro,12.5mg,Voy,9012134,,344.00,,,
2026-10-04T13:12:05Z,2026-10-04,listed,Mounjaro,Mounjaro,15mg,Voy,9012134,,359.00,,,
2026-10-04T13:12:05Z,2026-10-04,listed,Mounjaro,Mounjaro,2.5mg,Voy,9012134,,214.00,,,
2026-10-04T13:12:05Z,2026-10-04,listed,Mounjaro,Mounjaro,5mg,Voy,9012134,,244.00,,,
2026-10-04T13:12:05Z,2026-10-04,listed,Mounjaro,Mounjaro,7.5mg,Voy,9012134,,294.00,,,
2026-10-04T13:12:05Z,2026-10-04,listed,Mounjaro,Mounjaro,10mg,Webmed Pharmacy,9011118,,290.00,,,
2026-10-04T13:12:05Z,2026-10-04,listed,Mounjaro,Mounjaro,12.5mg,Webmed Pharmacy,9011118,,310.00,,,
2026-10-04T13:12:05Z,2026-10-04,listed,Mounjaro,Mounjaro,15mg,Webmed Pharmacy,9011118,,330.00,,,
2026-10-04T13:12:05Z,2026-10-04,listed,Mounjaro,Mounjaro,2.5mg,Webmed Pharmacy,9011118,,170.00,,,
2026-10-04T13:12:05Z,2026-10-04,listed,Mounjaro,Mounjaro,5mg,Webmed Pharmacy,9011118,,210.00,,,
2026-10-04T13:12:05Z,2026-10-04,listed,Mounjaro,Mounjaro,7.5mg,Webmed Pharmacy,9011118,,260.00,,,
2026-10-04T13:12:05Z,2026-10-04,listed,Mounjaro,Mounjaro,10mg,Weprescribe,9012132,,264.99,,,
2026-10-04T13:12:05Z,2026-10-04,listed,Mounjaro,Mounjaro,12.5mg,Weprescribe,9012132,,289.99,,,
2026-10-04T13:12:05Z,2026-10-04,listed,Mounjaro,Mounjaro,15mg,Weprescribe,9012132,,309.99,,,
2026-10-04T13:12:05Z,2026-10-04,listed,Mounjaro,Mounjaro,2.5mg,Weprescribe,9012132,,164.99,,,
2026-10-04T13:12:05Z,2026-10-04,listed,Mounjaro,Mounjaro,5mg,Weprescribe,9012132,,189.99,,,
2026-10-04T13:12:05Z,2026-10-04,listed,Mounjaro,Mounjaro,7.5mg,Weprescribe,9012132,,244.99,,,
2026-10-04T13:12:05Z,2026-10-04,listed,Mounjaro,Mounjaro,10mg,YourDose Pharmacy,9013045,,235.50,,,YD10
2026-10-04T13:12:05Z,2026-10-04,listed,Mounjaro,Mounjaro,12.5mg,YourDose Pharmacy,9013045,,252.50,,,YD10
2026-10-04T13:12:05Z,2026-10-04,listed,Mounjaro,Mounjaro,15mg,YourDose Pharmacy,9013045,,273.00,,,YD10
2026-10-04T13:12:05Z,2026-10-04,listed,Mounjaro,Mounjaro,2.5mg,YourDose Pharmacy,9013045,,133.00,,,YD10
2026-10-04T13:12:05Z,2026-10-04,listed,Mounjaro,Mounjaro,5mg,YourDose Pharmacy,9013045,,157.50,,,YD10
2026-10-04T13:12:05Z,2026-10-04,listed,Mounjaro,Mounjaro,7.5mg,YourDose Pharmacy,9013045,,208.99,,,YD10
2026-10-04T13:12:05Z,2026-10-04,listed,Mounjaro,Mounjaro,10mg,Yourpharmacy,9012029,,220.00,,,MED20
2026-10-04T13:12:05Z,2026-10-04,listed,Mounjaro,Mounjaro,12.5mg,Yourpharmacy,9012029,,231.20,,,MED20
2026-10-04T13:12:05Z,2026-10-04,listed,Mounjaro,Mounjaro,15mg,Yourpharmacy,9012029,,238.40,,,MED20
2026-10-04T13:12:05Z,2026-10-04,listed,Mounjaro,Mounjaro,2.5mg,Yourpharmacy,9012029,,134.40,,,MED20
2026-10-04T13:12:05Z,2026-10-04,listed,Mounjaro,Mounjaro,5mg,Yourpharmacy,9012029,,151.20,,,MED20
2026-10-04T13:12:05Z,2026-10-04,listed,Mounjaro,Mounjaro,7.5mg,Yourpharmacy,9012029,,203.20,,,MED20
2026-10-04T13:12:05Z,2026-10-04,listed,Mounjaro,Mounjaro,10mg,Zava,9012701,,279.99,,,
2026-10-04T13:12:05Z,2026-10-04,listed,Mounjaro,Mounjaro,12.5mg,Zava,9012701,,299.99,,,
2026-10-04T13:12:05Z,2026-10-04,listed,Mounjaro,Mounjaro,15mg,Zava,9012701,,309.99,,,
2026-10-04T13:12:05Z,2026-10-04,listed,Mounjaro,Mounjaro,2.5mg,Zava,9012701,,169.99,,,
2026-10-04T13:12:05Z,2026-10-04,listed,Mounjaro,Mounjaro,5mg,Zava,9012701,,187.99,,,
2026-10-04T13:12:05Z,2026-10-04,listed,Mounjaro,Mounjaro,7.5mg,Zava,9012701,,249.99,,,
2026-10-04T13:12:05Z,2026-10-04,listed,Mounjaro,Mounjaro,10mg,health express,9011703,,279.99,,,
2026-10-04T13:12:05Z,2026-10-04,listed,Mounjaro,Mounjaro,12.5mg,health express,9011703,,299.99,,,
2026-10-04T13:12:05Z,2026-10-04,listed,Mounjaro,Mounjaro,15mg,health express,9011703,,309.99,,,
2026-10-04T13:12:05Z,2026-10-04,listed,Mounjaro,Mounjaro,2.5mg,health express,9011703,,179.99,,,
2026-10-04T13:12:05Z,2026-10-04,listed,Mounjaro,Mounjaro,5mg,health express,9011703,,199.99,,,
2026-10-04T13:12:05Z,2026-10-04,listed,Mounjaro,Mounjaro,7.5mg,health express,9011703,,249.99,,,
2026-10-04T13:12:05Z,2026-10-04,listed,Orlistat,Alli,60mg,Asda,1116105,,39.99,,,
2026-10-04T13:12:05Z,2026-10-04,listed,Orlistat,Orlistat,120mg,Asda,1116105,,44.00,,,
2026-10-04T13:12:05Z,2026-10-04,listed,Orlistat,Xenical,120mg,Asda,1116105,,52.00,,,
2026-10-04T13:12:05Z,2026-10-04,listed,Orlistat,Orlistat,120mg,Ashcroft Pharmacy,9012896,,33.98,,,
2026-10-04T13:12:05Z,2026-10-04,listed,Orlistat,Xenical,120mg,Ashcroft Pharmacy,9012896,,65.99,,,
2026-10-04T13:12:05Z,2026-10-04,listed,Orlistat,Orlistat,120mg,Boots Online Doctor,1030075,,50.00,,,
2026-10-04T13:12:05Z,2026-10-04,listed,Orlistat,Xenical,120mg,Boots Online Doctor,1030075,,58.00,,,
2026-10-04T13:12:05Z,2026-10-04,listed,Orlistat,Alli,60mg,Chemist4U,9011784,,49.99,,,
2026-10-04T13:12:05Z,2026-10-04,listed,Orlistat,Orlistat,120mg,Chemist4U,9011784,,33.59,,,
2026-10-04T13:12:05Z,2026-10-04,listed,Orlistat,Xenical,120mg,Chemist4U,9011784,,45.99,,,
2026-10-04T13:12:05Z,2026-10-04,listed,Orlistat,Alli,60mg,Click 2 Pharmacy,1033781,,39.99,,,
2026-10-04T13:12:05Z,2026-10-04,listed,Orlistat,Orlistat,120mg,Click 2 Pharmacy,1033781,,33.99,,,
2026-10-04T13:12:05Z,2026-10-04,listed,Orlistat,Xenical,120mg,Click 2 Pharmacy,1033781,,43.49,,,
2026-10-04T13:12:05Z,2026-10-04,listed,Orlistat,Alli,60mg,Click Pharmacy,9011460,,34.99,,,
2026-10-04T13:12:05Z,2026-10-04,listed,Orlistat,Orlistat,120mg,Click Pharmacy,9011460,,57.99,,,
2026-10-04T13:12:05Z,2026-10-04,listed,Orlistat,Xenical,120mg,Click Pharmacy,9011460,,66.99,,,
2026-10-04T13:12:05Z,2026-10-04,listed,Orlistat,Orlistat,120mg,Cloud Pharmacy,9012073,,33.98,,,
2026-10-04T13:12:05Z,2026-10-04,listed,Orlistat,Xenical,120mg,Cloud Pharmacy,9012073,,44.50,,,
2026-10-04T13:12:05Z,2026-10-04,listed,Orlistat,Alli,60mg,Cured Pharmacy,9012511,,46.50,,,
2026-10-04T13:12:05Z,2026-10-04,listed,Orlistat,Orlistat,120mg,Cured Pharmacy,9012511,,65.00,,,
2026-10-04T13:12:05Z,2026-10-04,listed,Orlistat,Xenical,120mg,Cured Pharmacy,9012511,,49.99,,,
2026-10-04T13:12:05Z,2026-10-04,listed,Orlistat,Alli,60mg,Curely,9012401,,45.99,,,
2026-10-04T13:12:05Z,2026-10-04,listed,Orlistat,Orlistat,120mg,Curely,9012401,,34.49,,,
2026-10-04T13:12:05Z,2026-10-04,listed,Orlistat,Xenical,120mg,Curely,9012401,,46.99,,,
2026-10-04T13:12:05Z,2026-10-04,listed,Orlistat,Xenical,120mg,Dr Weightmans,1092500,,45.00,,,
2026-10-04T13:12:05Z,2026-10-04,listed,Orlistat,Orlistat,120mg,E-Surgery,9012167,,39.95,,,
2026-10-04T13:12:05Z,2026-10-04,listed,Orlistat,Xenical,120mg,E-Surgery,9012167,,49.95,,,
2026-10-04T13:12:05Z,2026-10-04,listed,Orlistat,Alli,60mg,Farmeci,9011790,,44.99,,,
2026-10-04T13:12:05Z,2026-10-04,listed,Orlistat,Orlistat,120mg,Farmeci,9011790,,34.97,,,
2026-10-04T13:12:05Z,2026-10-04,listed,Orlistat,Xenical,120mg,Farmeci,9011790,,44.50,,,
2026-10-04T13:12:05Z,2026-10-04,listed,Orlistat,Alli,60mg,Happy Pharmacy,9012585,,39.98,,,
2026-10-04T13:12:05Z,2026-10-04,listed,Orlistat,Orlistat,120mg,Happy Pharmacy,9012585,,34.98,,,
2026-10-04T13:12:05Z,2026-10-04,listed,Orlistat,Orlistat,120mg,IQ Doctor,9010411,,37.99,,,
2026-10-04T13:12:05Z,2026-10-04,listed,Orlistat,Xenical,120mg,IQ Doctor,9010411,,66.99,,,
2026-10-04T13:12:05Z,2026-10-04,listed,Orlistat,Alli,60mg,Medexpress,9012633,,55.99,,,
2026-10-04T13:12:05Z,2026-10-04,listed,Orlistat,Orlistat,120mg,Medexpress,9012633,,38.99,,,
2026-10-04T13:12:05Z,2026-10-04,listed,Orlistat,Xenical,120mg,Medexpress,9012633,,68.99,,,
2026-10-04T13:12:05Z,2026-10-04,listed,Orlistat,Alli,60mg,Medicine Market place,1116946,,37.99,,,
2026-10-04T13:12:05Z,2026-10-04,listed,Orlistat,Orlistat,120mg,Medicine Market place,1116946,,33.90,,,
2026-10-04T13:12:05Z,2026-10-04,listed,Orlistat,Xenical,120mg,Medicine Market place,1116946,,39.69,,,
2026-10-04T13:12:05Z,2026-10-04,listed,Orlistat,Alli,60mg,Medicspot,9012559,,59.00,,,
2026-10-04T13:12:05Z,2026-10-04,listed,Orlistat,Orlistat,120mg,Medicspot,9012559,,49.00,,,
2026-10-04T13:12:05Z,2026-10-04,listed,Orlistat,Xenical,120mg,Medicspot,9012559,,59.00,,,
2026-10-04T13:12:05Z,2026-10-04,listed,Orlistat,Alli,60mg,Medino,9011921,,51.49,,,
2026-10-04T13:12:05Z,2026-10-04,listed,Orlistat,Xenical,120mg,Medino,9011921,,49.99,,,
2026-10-04T13:12:05Z,2026-10-04,listed,Orlistat,Orlistat,120mg,My London Pharmacy,9012733,,34.97,,,
2026-10-04T13:12:05Z,2026-10-04,listed,Orlistat,Xenical,120mg,My London Pharmacy,9012733,,44.50,,,
2026-10-04T13:12:05Z,2026-10-04,listed,Orlistat,Alli,60mg,Numan,9011408,,85.00,,,
2026-10-04T13:12:05Z,2026-10-04,listed,Orlistat,Orlistat,120mg,Oushk,9012610,,38.00,,,
2026-10-04T13:12:05Z,2026-10-04,listed,Orlistat,Orlistat,120mg,Oxford Online Pharmacy,9012205,,28.98,,,
2026-10-04T13:12:05Z,2026-10-04,listed,Orlistat,Xenical,120mg,Oxford Online Pharmacy,9012205,,44.19,,,
2026-10-04T13:12:05Z,2026-10-04,listed,Orlistat,Orlistat,120mg,Peak Pharmacy,9012214,,34.50,,,
2026-10-04T13:12:05Z,2026-10-04,listed,Orlistat,Orlistat,120mg,Pharmacy Online,9011756,,33.99,,,
2026-10-04T13:12:05Z,2026-10-04,listed,Orlistat,Xenical,120mg,Pharmacy Online,9011756,,45.99,,,
2026-10-04T13:12:05Z,2026-10-04,listed,Orlistat,Alli,60mg,Pharmica,9012030,,44.99,,,
2026-10-04T13:12:05Z,2026-10-04,listed,Orlistat,Orlistat,120mg,Pharmica,9012030,,39.99,,,
2026-10-04T13:12:05Z,2026-10-04,listed,Orlistat,Xenical,120mg,Pharmica,9012030,,68.99,,,
2026-10-04T13:12:05Z,2026-10-04,listed,Orlistat,Orlistat,120mg,Phlo Clinic,9011171,,89.00,,,
2026-10-04T13:12:05Z,2026-10-04,listed,Orlistat,Orlistat,120mg,Quick Meds,9012521,,45.99,,,
2026-10-04T13:12:05Z,2026-10-04,listed,Orlistat,Alli,60mg,Rightangled Pharmacy,9011933,,45.99,,,
2026-10-04T13:12:05Z,2026-10-04,listed,Orlistat,Orlistat,120mg,Rightangled Pharmacy,9011933,,35.99,,,
2026-10-04T13:12:05Z,2026-10-04,listed,Orlistat,Xenical,120mg,Rightangled Pharmacy,9011933,,39.99,,,
2026-10-04T13:12:05Z,2026-10-04,listed,Orlistat,Orlistat,120mg,The Care Pharmacy,9010308,,39.99,,,TCP10
2026-10-04T13:12:05Z,2026-10-04,listed,Orlistat,Orlistat,120mg,The Family Chemist,9012318,,35.99,,,
2026-10-04T13:12:05Z,2026-10-04,listed,Orlistat,Xenical,120mg,The Family Chemist,9012318,,49.99,,,
2026-10-04T13:12:05Z,2026-10-04,listed,Orlistat,Orlistat,120mg,Treat Discreet,1103343,,33.99,,,
2026-10-04T13:12:05Z,2026-10-04,listed,Orlistat,Alli,60mg,Treated,9010946,,61.95,,,
2026-10-04T13:12:05Z,2026-10-04,listed,Orlistat,Orlistat,120mg,Treated,9010946,,61.95,,,
2026-10-04T13:12:05Z,2026-10-04,listed,Orlistat,Xenical,120mg,Treated,9010946,,61.95,,,
2026-10-04T13:12:05Z,2026-10-04,listed,Orlistat,Orlistat,120mg,Weprescribe,9012132,,44.99,,,
2026-10-04T13:12:05Z,2026-10-04,listed,Orlistat,Xenical,120mg,Weprescribe,9012132,,49.99,,,
2026-10-04T13:12:05Z,2026-10-04,listed,Orlistat,Alli,60mg,Zava,9012701,,99.00,,,
2026-10-04T13:12:05Z,2026-10-04,listed,Orlistat,Orlistat,120mg,Zava,9012701,,45.00,,,
2026-10-04T13:12:05Z,2026-10-04,listed,Orlistat,Xenical,120mg,Zava,9012701,,59.95,,,
2026-10-04T13:12:05Z,2026-10-04,listed,Orlistat,Orlistat,120mg,health express,9011703,,34.99,,,
2026-10-04T13:12:05Z,2026-10-04,listed,Orlistat,Xenical,120mg,health express,9011703,,59.99,,,
2026-10-04T13:12:05Z,2026-10-04,listed,Wegovy pill,Wegovy pill,1.5mg,AYP Healthcare,9011523,,99.99,,,
2026-10-04T13:12:05Z,2026-10-04,listed,Wegovy pill,Wegovy pill,25mg,AYP Healthcare,9011523,,161.99,,,
2026-10-04T13:12:05Z,2026-10-04,listed,Wegovy pill,Wegovy pill,4mg,AYP Healthcare,9011523,,99.99,,,
2026-10-04T13:12:05Z,2026-10-04,listed,Wegovy pill,Wegovy pill,9mg,AYP Healthcare,9011523,,115.99,,,
2026-10-04T13:12:05Z,2026-10-04,listed,Wegovy pill,Wegovy pill,1.5mg,Asda,1116105,,98.97,,,
2026-10-04T13:12:05Z,2026-10-04,listed,Wegovy pill,Wegovy pill,25mg,Asda,1116105,,188.97,,,
2026-10-04T13:12:05Z,2026-10-04,listed,Wegovy pill,Wegovy pill,4mg,Asda,1116105,,118.97,,,
2026-10-04T13:12:05Z,2026-10-04,listed,Wegovy pill,Wegovy pill,9mg,Asda,1116105,,128.97,,,
2026-10-04T13:12:05Z,2026-10-04,listed,Wegovy pill,Wegovy pill,1.5mg,Ashcroft Pharmacy,9012896,,99.00,,,
2026-10-04T13:12:05Z,2026-10-04,listed,Wegovy pill,Wegovy pill,25mg,Ashcroft Pharmacy,9012896,,175.00,,,
2026-10-04T13:12:05Z,2026-10-04,listed,Wegovy pill,Wegovy pill,4mg,Ashcroft Pharmacy,9012896,,99.00,,,
2026-10-04T13:12:05Z,2026-10-04,listed,Wegovy pill,Wegovy pill,9mg,Ashcroft Pharmacy,9012896,,135.00,,,
2026-10-04T13:12:05Z,2026-10-04,listed,Wegovy pill,Wegovy pill,1.5mg,Bolt Pharmacy,9012625,,119.00,,,
2026-10-04T13:12:05Z,2026-10-04,listed,Wegovy pill,Wegovy pill,25mg,Bolt Pharmacy,9012625,,219.00,,,
2026-10-04T13:12:05Z,2026-10-04,listed,Wegovy pill,Wegovy pill,4mg,Bolt Pharmacy,9012625,,139.00,,,
2026-10-04T13:12:05Z,2026-10-04,listed,Wegovy pill,Wegovy pill,9mg,Bolt Pharmacy,9012625,,179.00,,,
2026-10-04T13:12:05Z,2026-10-04,listed,Wegovy pill,Wegovy pill,1.5mg,Boots Online Doctor,1030075,,99.00,,,
2026-10-04T13:12:05Z,2026-10-04,listed,Wegovy pill,Wegovy pill,25mg,Boots Online Doctor,1030075,,229.00,,,
2026-10-04T13:12:05Z,2026-10-04,listed,Wegovy pill,Wegovy pill,4mg,Boots Online Doctor,1030075,,119.00,,,
2026-10-04T13:12:05Z,2026-10-04,listed,Wegovy pill,Wegovy pill,9mg,Boots Online Doctor,1030075,,149.00,,,
2026-10-04T13:12:05Z,2026-10-04,listed,Wegovy pill,Wegovy pill,1.5mg,Chemist4U,9011784,,99.00,,,
2026-10-04T13:12:05Z,2026-10-04,listed,Wegovy pill,Wegovy pill,25mg,Chemist4U,9011784,,199.00,,,
2026-10-04T13:12:05Z,2026-10-04,listed,Wegovy pill,Wegovy pill,4mg,Chemist4U,9011784,,99.00,,,
2026-10-04T13:12:05Z,2026-10-04,listed,Wegovy pill,Wegovy pill,9mg,Chemist4U,9011784,,119.00,,,
2026-10-04T13:12:05Z,2026-10-04,listed,Wegovy pill,Wegovy pill,1.5mg,Chequp,9012707,,139.00,,,
2026-10-04T13:12:05Z,2026-10-04,listed,Wegovy pill,Wegovy pill,25mg,Chequp,9012707,,269.00,,,
2026-10-04T13:12:05Z,2026-10-04,listed,Wegovy pill,Wegovy pill,4mg,Chequp,9012707,,179.00,,,
2026-10-04T13:12:05Z,2026-10-04,listed,Wegovy pill,Wegovy pill,9mg,Chequp,9012707,,209.00,,,
2026-10-04T13:12:05Z,2026-10-04,listed,Wegovy pill,Wegovy pill,1.5mg,Click 2 Pharmacy,1033781,,109.00,,,
2026-10-04T13:12:05Z,2026-10-04,listed,Wegovy pill,Wegovy pill,25mg,Click 2 Pharmacy,1033781,,199.00,,,
2026-10-04T13:12:05Z,2026-10-04,listed,Wegovy pill,Wegovy pill,4mg,Click 2 Pharmacy,1033781,,109.00,,,
2026-10-04T13:12:05Z,2026-10-04,listed,Wegovy pill,Wegovy pill,9mg,Click 2 Pharmacy,1033781,,119.00,,,
2026-10-04T13:12:05Z,2026-10-04,listed,Wegovy pill,Wegovy pill,1.5mg,Cloud Pharmacy,9012073,,99.00,,,
2026-10-04T13:12:05Z,2026-10-04,listed,Wegovy pill,Wegovy pill,25mg,Cloud Pharmacy,9012073,,179.00,,,
2026-10-04T13:12:05Z,2026-10-04,listed,Wegovy pill,Wegovy pill,4mg,Cloud Pharmacy,9012073,,105.00,,,
2026-10-04T13:12:05Z,2026-10-04,listed,Wegovy pill,Wegovy pill,9mg,Cloud Pharmacy,9012073,,125.00,,,
2026-10-04T13:12:05Z,2026-10-04,listed,Wegovy pill,Wegovy pill,1.5mg,Curate,9012358,,94.00,,,
2026-10-04T13:12:05Z,2026-10-04,listed,Wegovy pill,Wegovy pill,25mg,Curate,9012358,,154.00,,,
2026-10-04T13:12:05Z,2026-10-04,listed,Wegovy pill,Wegovy pill,4mg,Curate,9012358,,97.00,,,
2026-10-04T13:12:05Z,2026-10-04,listed,Wegovy pill,Wegovy pill,9mg,Curate,9012358,,109.00,,,
2026-10-04T13:12:05Z,2026-10-04,listed,Wegovy pill,Wegovy pill,1.5mg,Cured Pharmacy,9012511,,83.00,,,
2026-10-04T13:12:05Z,2026-10-04,listed,Wegovy pill,Wegovy pill,25mg,Cured Pharmacy,9012511,,199.00,,,
2026-10-04T13:12:05Z,2026-10-04,listed,Wegovy pill,Wegovy pill,4mg,Cured Pharmacy,9012511,,110.00,,,
2026-10-04T13:12:05Z,2026-10-04,listed,Wegovy pill,Wegovy pill,9mg,Cured Pharmacy,9012511,,140.00,,,
2026-10-04T13:12:05Z,2026-10-04,listed,Wegovy pill,Wegovy pill,1.5mg,Curely,9012401,,94.43,,,
2026-10-04T13:12:05Z,2026-10-04,listed,Wegovy pill,Wegovy pill,25mg,Curely,9012401,,160.00,,,
2026-10-04T13:12:05Z,2026-10-04,listed,Wegovy pill,Wegovy pill,4mg,Curely,9012401,,98.89,,,
2026-10-04T13:12:05Z,2026-10-04,listed,Wegovy pill,Wegovy pill,9mg,Curely,9012401,,105.00,,,
2026-10-04T13:12:05Z,2026-10-04,listed,Wegovy pill,Wegovy pill,1.5mg,Cuva Health,9012581,,107.00,,,
2026-10-04T13:12:05Z,2026-10-04,listed,Wegovy pill,Wegovy pill,25mg,Cuva Health,9012581,,169.00,,,
2026-10-04T13:12:05Z,2026-10-04,listed,Wegovy pill,Wegovy pill,4mg,Cuva Health,9012581,,109.00,,,
2026-10-04T13:12:05Z,2026-10-04,listed,Wegovy pill,Wegovy pill,9mg,Cuva Health,9012581,,125.00,,,
2026-10-04T13:12:05Z,2026-10-04,listed,Wegovy pill,Wegovy pill,1.5mg,Dr Weightmans,1092500,,105.00,,,
2026-10-04T13:12:05Z,2026-10-04,listed,Wegovy pill,Wegovy pill,25mg,Dr Weightmans,1092500,,180.00,,,
2026-10-04T13:12:05Z,2026-10-04,listed,Wegovy pill,Wegovy pill,4mg,Dr Weightmans,1092500,,110.00,,,
2026-10-04T13:12:05Z,2026-10-04,listed,Wegovy pill,Wegovy pill,9mg,Dr Weightmans,1092500,,135.00,,,
2026-10-04T13:12:05Z,2026-10-04,listed,Wegovy pill,Wegovy pill,1.5mg,E-Surgery,9012167,,119.95,,,
2026-10-04T13:12:05Z,2026-10-04,listed,Wegovy pill,Wegovy pill,25mg,E-Surgery,9012167,,199.95,,,
2026-10-04T13:12:05Z,2026-10-04,listed,Wegovy pill,Wegovy pill,4mg,E-Surgery,9012167,,149.95,,,
2026-10-04T13:12:05Z,2026-10-04,listed,Wegovy pill,Wegovy pill,9mg,E-Surgery,9012167,,159.95,,,
2026-10-04T13:12:05Z,2026-10-04,listed,Wegovy pill,Wegovy pill,1.5mg,Farmeci,9011790,,95.00,,,
2026-10-04T13:12:05Z,2026-10-04,listed,Wegovy pill,Wegovy pill,25mg,Farmeci,9011790,,172.00,,,
2026-10-04T13:12:05Z,2026-10-04,listed,Wegovy pill,Wegovy pill,4mg,Farmeci,9011790,,105.00,,,
2026-10-04T13:12:05Z,2026-10-04,listed,Wegovy pill,Wegovy pill,9mg,Farmeci,9011790,,121.00,,,
2026-10-04T13:12:05Z,2026-10-04,listed,Wegovy pill,Wegovy pill,1.5mg,Get A Drip,9012347,,94.49,,,
2026-10-04T13:12:05Z,2026-10-04,listed,Wegovy pill,Wegovy pill,25mg,Get A Drip,9012347,,164.49,,,
2026-10-04T13:12:05Z,2026-10-04,listed,Wegovy pill,Wegovy pill,4mg,Get A Drip,9012347,,104.49,,,
2026-10-04T13:12:05Z,2026-10-04,listed,Wegovy pill,Wegovy pill,9mg,Get A Drip,9012347,,124.49,,,
2026-10-04T13:12:05Z,2026-10-04,listed,Wegovy pill,Wegovy pill,1.5mg,Happy Pharmacy,9012585,,99.00,,,
2026-10-04T13:12:05Z,2026-10-04,listed,Wegovy pill,Wegovy pill,25mg,Happy Pharmacy,9012585,,199.00,,,
2026-10-04T13:12:05Z,2026-10-04,listed,Wegovy pill,Wegovy pill,4mg,Happy Pharmacy,9012585,,119.00,,,
2026-10-04T13:12:05Z,2026-10-04,listed,Wegovy pill,Wegovy pill,9mg,Happy Pharmacy,9012585,,149.00,,,
2026-10-04T13:12:05Z,2026-10-04,listed,Wegovy pill,Wegovy pill,1.5mg,IQ Doctor,9010411,,109.99,,,
2026-10-04T13:12:05Z,2026-10-04,listed,Wegovy pill,Wegovy pill,25mg,IQ Doctor,9010411,,198.99,,,
2026-10-04T13:12:05Z,2026-10-04,listed,Wegovy pill,Wegovy pill,4mg,IQ Doctor,9010411,,118.99,,,
2026-10-04T13:12:05Z,2026-10-04,listed,Wegovy pill,Wegovy pill,9mg,IQ Doctor,9010411,,154.99,,,
2026-10-04T13:12:05Z,2026-10-04,listed,Wegovy pill,Wegovy pill,1.5mg,Juniper,9011842,,154.00,,,
2026-10-04T13:12:05Z,2026-10-04,listed,Wegovy pill,Wegovy pill,25mg,Juniper,9011842,,259.00,,,
2026-10-04T13:12:05Z,2026-10-04,listed,Wegovy pill,Wegovy pill,4mg,Juniper,9011842,,179.00,,,
2026-10-04T13:12:05Z,2026-10-04,listed,Wegovy pill,Wegovy pill,9mg,Juniper,9011842,,219.00,,,
2026-10-04T13:12:05Z,2026-10-04,listed,Wegovy pill,Wegovy pill,1.5mg,Lloyds Pharmacy,9011437,,109.99,,,
2026-10-04T13:12:05Z,2026-10-04,listed,Wegovy pill,Wegovy pill,4mg,Lloyds Pharmacy,9011437,,119.99,,,
2026-10-04T13:12:05Z,2026-10-04,listed,Wegovy pill,Wegovy pill,9mg,Lloyds Pharmacy,9011437,,159.99,,,
2026-10-04T13:12:05Z,2026-10-04,listed,Wegovy pill,Wegovy pill,1.5mg,Lotus Weight Loss,9011284,,79.00,,,LWSAVE40
2026-10-04T13:12:05Z,2026-10-04,listed,Wegovy pill,Wegovy pill,25mg,Lotus Weight Loss,9011284,,149.00,,,LWSAVE40
2026-10-04T13:12:05Z,2026-10-04,listed,Wegovy pill,Wegovy pill,4mg,Lotus Weight Loss,9011284,,89.00,,,LWSAVE40
2026-10-04T13:12:05Z,2026-10-04,listed,Wegovy pill,Wegovy pill,9mg,Lotus Weight Loss,9011284,,105.00,,,LWSAVE40
2026-10-04T13:12:05Z,2026-10-04,listed,Wegovy pill,Wegovy pill,1.5mg,MSH Weight Loss,9012599,,109.00,,,
2026-10-04T13:12:05Z,2026-10-04,listed,Wegovy pill,Wegovy pill,25mg,MSH Weight Loss,9012599,,189.00,,,
2026-10-04T13:12:05Z,2026-10-04,listed,Wegovy pill,Wegovy pill,4mg,MSH Weight Loss,9012599,,129.00,,,
2026-10-04T13:12:05Z,2026-10-04,listed,Wegovy pill,Wegovy pill,9mg,MSH Weight Loss,9012599,,149.00,,,
2026-10-04T13:12:05Z,2026-10-04,listed,Wegovy pill,Wegovy pill,1.5mg,MYBMI,9011784,,99.00,,,
2026-10-04T13:12:05Z,2026-10-04,listed,Wegovy pill,Wegovy pill,25mg,MYBMI,9011784,,199.00,,,
2026-10-04T13:12:05Z,2026-10-04,listed,Wegovy pill,Wegovy pill,4mg,MYBMI,9011784,,99.00,,,
2026-10-04T13:12:05Z,2026-10-04,listed,Wegovy pill,Wegovy pill,9mg,MYBMI,9011784,,119.00,,,
2026-10-04T13:12:05Z,2026-10-04,listed,Wegovy pill,Wegovy pill,1.5mg,Medexpress,9012633,,100.00,,,
2026-10-04T13:12:05Z,2026-10-04,listed,Wegovy pill,Wegovy pill,25mg,Medexpress,9012633,,199.00,,,
2026-10-04T13:12:05Z,2026-10-04,listed,Wegovy pill,Wegovy pill,4mg,Medexpress,9012633,,119.00,,,
2026-10-04T13:12:05Z,2026-10-04,listed,Wegovy pill,Wegovy pill,9mg,Medexpress,9012633,,159.00,,,
2026-10-04T13:12:05Z,2026-10-04,listed,Wegovy pill,Wegovy pill,1.5mg,Medicine Market place,1116946,,90.00,,,
2026-10-04T13:12:05Z,2026-10-04,listed,Wegovy pill,Wegovy pill,25mg,Medicine Market place,1116946,,158.00,,,
2026-10-04T13:12:05Z,2026-10-04,listed,Wegovy pill,Wegovy pill,4mg,Medicine Market place,1116946,,97.00,,,
2026-10-04T13:12:05Z,2026-10-04,listed,Wegovy pill,Wegovy pill,9mg,Medicine Market place,1116946,,112.00,,,
2026-10-04T13:12:05Z,2026-10-04,listed,Wegovy pill,Wegovy pill,1.5mg,Medicspot,9012559,,89.00,,,
2026-10-04T13:12:05Z,2026-10-04,listed,Wegovy pill,Wegovy pill,25mg,Medicspot,9012559,,179.00,,,
2026-10-04T13:12:05Z,2026-10-04,listed,Wegovy pill,Wegovy pill,4mg,Medicspot,9012559,,109.00,,,
2026-10-04T13:12:05Z,2026-10-04,listed,Wegovy pill,Wegovy pill,9mg,Medicspot,9012559,,129.00,,,
2026-10-04T13:12:05Z,2026-10-04,listed,Wegovy pill,Wegovy pill,1.5mg,Medino,9011921,,109.99,,,
2026-10-04T13:12:05Z,2026-10-04,listed,Wegovy pill,Wegovy pill,25mg,Medino,9011921,,199.99,,,
2026-10-04T13:12:05Z,2026-10-04,listed,Wegovy pill,Wegovy pill,4mg,Medino,9011921,,119.99,,,
2026-10-04T13:12:05Z,2026-10-04,listed,Wegovy pill,Wegovy pill,9mg,Medino,9011921,,139.99,,,
2026-10-04T13:12:05Z,2026-10-04,listed,Wegovy pill,Wegovy pill,1.5mg,Morrisons Clinic,2205052,,89.00,,,
2026-10-04T13:12:05Z,2026-10-04,listed,Wegovy pill,Wegovy pill,25mg,Morrisons Clinic,2205052,,219.00,,,
2026-10-04T13:12:05Z,2026-10-04,listed,Wegovy pill,Wegovy pill,4mg,Morrisons Clinic,2205052,,139.00,,,
2026-10-04T13:12:05Z,2026-10-04,listed,Wegovy pill,Wegovy pill,9mg,Morrisons Clinic,2205052,,169.00,,,
2026-10-04T13:12:05Z,2026-10-04,listed,Wegovy pill,Wegovy pill,1.5mg,My London Pharmacy,9012733,,95.00,,,
2026-10-04T13:12:05Z,2026-10-04,listed,Wegovy pill,Wegovy pill,25mg,My London Pharmacy,9012733,,172.00,,,
2026-10-04T13:12:05Z,2026-10-04,listed,Wegovy pill,Wegovy pill,4mg,My London Pharmacy,9012733,,105.00,,,
2026-10-04T13:12:05Z,2026-10-04,listed,Wegovy pill,Wegovy pill,9mg,My London Pharmacy,9012733,,121.00,,,
2026-10-04T13:12:05Z,2026-10-04,listed,Wegovy pill,Wegovy pill,1.5mg,New Health,9011199,,54.00,,,
2026-10-04T13:12:05Z,2026-10-04,listed,Wegovy pill,Wegovy pill,25mg,New Health,9011199,,125.00,,,
2026-10-04T13:12:05Z,2026-10-04,listed,Wegovy pill,Wegovy pill,4mg,New Health,9011199,,75.00,,,
2026-10-04T13:12:05Z,2026-10-04,listed,Wegovy pill,Wegovy pill,9mg,New Health,9011199,,88.00,,,
2026-10-04T13:12:05Z,2026-10-04,listed,Wegovy pill,Wegovy pill,1.5mg,Numan,9011408,,129.00,,,
2026-10-04T13:12:05Z,2026-10-04,listed,Wegovy pill,Wegovy pill,25mg,Numan,9011408,,249.00,,,
2026-10-04T13:12:05Z,2026-10-04,listed,Wegovy pill,Wegovy pill,4mg,Numan,9011408,,159.00,,,
2026-10-04T13:12:05Z,2026-10-04,listed,Wegovy pill,Wegovy pill,9mg,Numan,9011408,,199.00,,,
2026-10-04T13:12:05Z,2026-10-04,listed,Wegovy pill,Wegovy pill,1.5mg,Oushk,9012610,,85.00,,,
2026-10-04T13:12:05Z,2026-10-04,listed,Wegovy pill,Wegovy pill,25mg,Oushk,9012610,,160.00,,,
2026-10-04T13:12:05Z,2026-10-04,listed,Wegovy pill,Wegovy pill,4mg,Oushk,9012610,,89.00,,,
2026-10-04T13:12:05Z,2026-10-04,listed,Wegovy pill,Wegovy pill,9mg,Oushk,9012610,,105.00,,,
2026-10-04T13:12:05Z,2026-10-04,listed,Wegovy pill,Wegovy pill,1.5mg,Oxford Online Pharmacy,9012205,,109.99,,,
2026-10-04T13:12:05Z,2026-10-04,listed,Wegovy pill,Wegovy pill,25mg,Oxford Online Pharmacy,9012205,,198.90,,,
2026-10-04T13:12:05Z,2026-10-04,listed,Wegovy pill,Wegovy pill,4mg,Oxford Online Pharmacy,9012205,,114.99,,,
2026-10-04T13:12:05Z,2026-10-04,listed,Wegovy pill,Wegovy pill,9mg,Oxford Online Pharmacy,9012205,,133.96,,,
2026-10-04T13:12:05Z,2026-10-04,listed,Wegovy pill,Wegovy pill,1.5mg,Peak Pharmacy,9012214,,99.00,,,
2026-10-04T13:12:05Z,2026-10-04,listed,Wegovy pill,Wegovy pill,25mg,Peak Pharmacy,9012214,,189.00,,,
2026-10-04T13:12:05Z,2026-10-04,listed,Wegovy pill,Wegovy pill,4mg,Peak Pharmacy,9012214,,109.00,,,
2026-10-04T13:12:05Z,2026-10-04,listed,Wegovy pill,Wegovy pill,9mg,Peak Pharmacy,9012214,,129.00,,,
2026-10-04T13:12:05Z,2026-10-04,listed,Wegovy pill,Wegovy pill,1.5mg,Pharmacy Express,9012468,,109.99,,,
2026-10-04T13:12:05Z,2026-10-04,listed,Wegovy pill,Wegovy pill,25mg,Pharmacy Express,9012468,,179.99,,,
2026-10-04T13:12:05Z,2026-10-04,listed,Wegovy pill,Wegovy pill,4mg,Pharmacy Express,9012468,,114.99,,,
2026-10-04T13:12:05Z,2026-10-04,listed,Wegovy pill,Wegovy pill,9mg,Pharmacy Express,9012468,,134.99,,,
2026-10-04T13:12:05Z,2026-10-04,listed,Wegovy pill,Wegovy pill,1.5mg,Pharmacy Online,9011756,,99.00,,,
2026-10-04T13:12:05Z,2026-10-04,listed,Wegovy pill,Wegovy pill,25mg,Pharmacy Online,9011756,,169.99,,,
2026-10-04T13:12:05Z,2026-10-04,listed,Wegovy pill,Wegovy pill,4mg,Pharmacy Online,9011756,,106.00,,,
2026-10-04T13:12:05Z,2026-10-04,listed,Wegovy pill,Wegovy pill,9mg,Pharmacy Online,9011756,,129.99,,,
2026-10-04T13:12:05Z,2026-10-04,listed,Wegovy pill,Wegovy pill,1.5mg,Pharmacy Planet,9010288,,95.00,,,
2026-10-04T13:12:05Z,2026-10-04,listed,Wegovy pill,Wegovy pill,25mg,Pharmacy Planet,9010288,,175.00,,,
2026-10-04T13:12:05Z,2026-10-04,listed,Wegovy pill,Wegovy pill,4mg,Pharmacy Planet,9010288,,95.00,,,
2026-10-04T13:12:05Z,2026-10-04,listed,Wegovy pill,Wegovy pill,9mg,Pharmacy Planet,9010288,,120.00,,,
2026-10-04T13:12:05Z,2026-10-04,listed,Wegovy pill,Wegovy pill,1.5mg,Pharmacy2U,9010146,,109.99,,,
2026-10-04T13:12:05Z,2026-10-04,listed,Wegovy pill,Wegovy pill,4mg,Pharmacy2U,9010146,,119.99,,,
2026-10-04T13:12:05Z,2026-10-04,listed,Wegovy pill,Wegovy pill,1.5mg,Pharmica,9012030,,109.99,,,
2026-10-04T13:12:05Z,2026-10-04,listed,Wegovy pill,Wegovy pill,25mg,Pharmica,9012030,,199.99,,,
2026-10-04T13:12:05Z,2026-10-04,listed,Wegovy pill,Wegovy pill,4mg,Pharmica,9012030,,129.99,,,
2026-10-04T13:12:05Z,2026-10-04,listed,Wegovy pill,Wegovy pill,9mg,Pharmica,9012030,,149.99,,,
2026-10-04T13:12:05Z,2026-10-04,listed,Wegovy pill,Wegovy pill,1.5mg,Pharmulous,9012252,,99.99,,,
2026-10-04T13:12:05Z,2026-10-04,listed,Wegovy pill,Wegovy pill,25mg,Pharmulous,9012252,,169.99,,,
2026-10-04T13:12:05Z,2026-10-04,listed,Wegovy pill,Wegovy pill,4mg,Pharmulous,9012252,,109.99,,,
2026-10-04T13:12:05Z,2026-10-04,listed,Wegovy pill,Wegovy pill,9mg,Pharmulous,9012252,,124.99,,,
2026-10-04T13:12:05Z,2026-10-04,listed,Wegovy pill,Wegovy pill,1.5mg,Phlo Clinic,9011171,,89.00,,,
2026-10-04T13:12:05Z,2026-10-04,listed,Wegovy pill,Wegovy pill,25mg,Phlo Clinic,9011171,,219.00,,,
2026-10-04T13:12:05Z,2026-10-04,listed,Wegovy pill,Wegovy pill,4mg,Phlo Clinic,9011171,,139.00,,,
2026-10-04T13:12:05Z,2026-10-04,listed,Wegovy pill,Wegovy pill,9mg,Phlo Clinic,9011171,,169.00,,,
2026-10-04T13:12:05Z,2026-10-04,listed,Wegovy pill,Wegovy pill,1.5mg,Pills2U,9012634,,104.99,,,
2026-10-04T13:12:05Z,2026-10-04,listed,Wegovy pill,Wegovy pill,25mg,Pills2U,9012634,,179.99,,,
2026-10-04T13:12:05Z,2026-10-04,listed,Wegovy pill,Wegovy pill,4mg,Pills2U,9012634,,114.99,,,
2026-10-04T13:12:05Z,2026-10-04,listed,Wegovy pill,Wegovy pill,9mg,Pills2U,9012634,,129.99,,,
2026-10-04T13:12:05Z,2026-10-04,listed,Wegovy pill,Wegovy pill,1.5mg,Pillsorted,9011258,,97.99,,,
2026-10-04T13:12:05Z,2026-10-04,listed,Wegovy pill,Wegovy pill,25mg,Pillsorted,9011258,,187.99,,,
2026-10-04T13:12:05Z,2026-10-04,listed,Wegovy pill,Wegovy pill,4mg,Pillsorted,9011258,,117.99,,,
2026-10-04T13:12:05Z,2026-10-04,listed,Wegovy pill,Wegovy pill,9mg,Pillsorted,9011258,,127.99,,,
2026-10-04T13:12:05Z,2026-10-04,listed,Wegovy pill,Wegovy pill,1.5mg,Private Doc,1107567,,114.00,,,
2026-10-04T13:12:05Z,2026-10-04,listed,Wegovy pill,Wegovy pill,25mg,Private Doc,1107567,,170.00,,,
2026-10-04T13:12:05Z,2026-10-04,listed,Wegovy pill,Wegovy pill,4mg,Private Doc,1107567,,137.00,,,
2026-10-04T13:12:05Z,2026-10-04,listed,Wegovy pill,Wegovy pill,9mg,Private Doc,1107567,,147.00,,,
2026-10-04T13:12:05Z,2026-10-04,listed,Wegovy pill,Wegovy pill,1.5mg,Quick Meds,9012521,,114.95,,,
2026-10-04T13:12:05Z,2026-10-04,listed,Wegovy pill,Wegovy pill,25mg,Quick Meds,9012521,,194.95,,,
2026-10-04T13:12:05Z,2026-10-04,listed,Wegovy pill,Wegovy pill,4mg,Quick Meds,9012521,,114.95,,,
2026-10-04T13:12:05Z,2026-10-04,listed,Wegovy pill,Wegovy pill,9mg,Quick Meds,9012521,,134.95,,,
2026-10-04T13:12:05Z,2026-10-04,listed,Wegovy pill,Wegovy pill,1.5mg,Rightangled Pharmacy,9011933,,114.99,,,
2026-10-04T13:12:05Z,2026-10-04,listed,Wegovy pill,Wegovy pill,25mg,Rightangled Pharmacy,9011933,,194.99,,,
2026-10-04T13:12:05Z,2026-10-04,listed,Wegovy pill,Wegovy pill,4mg,Rightangled Pharmacy,9011933,,119.99,,,
2026-10-04T13:12:05Z,2026-10-04,listed,Wegovy pill,Wegovy pill,9mg,Rightangled Pharmacy,9011933,,139.99,,,
2026-10-04T13:12:05Z,2026-10-04,listed,Wegovy pill,Wegovy pill,1.5mg,Second Nature,9010938,,74.00,,,
2026-10-04T13:12:05Z,2026-10-04,listed,Wegovy pill,Wegovy pill,25mg,Second Nature,9010938,,194.00,,,
2026-10-04T13:12:05Z,2026-10-04,listed,Wegovy pill,Wegovy pill,4mg,Second Nature,9010938,,104.00,,,
2026-10-04T13:12:05Z,2026-10-04,listed,Wegovy pill,Wegovy pill,9mg,Second Nature,9010938,,144.00,,,
2026-10-04T13:12:05Z,2026-10-04,listed,Wegovy pill,Wegovy pill,1.5mg,SheMed,9012578,,69.00,,,
2026-10-04T13:12:05Z,2026-10-04,listed,Wegovy pill,Wegovy pill,25mg,SheMed,9012578,,244.00,,,
2026-10-04T13:12:05Z,2026-10-04,listed,Wegovy pill,Wegovy pill,4mg,SheMed,9012578,,154.00,,,
2026-10-04T13:12:05Z,2026-10-04,listed,Wegovy pill,Wegovy pill,9mg,SheMed,9012578,,194.00,,,
2026-10-04T13:12:05Z,2026-10-04,listed,Wegovy pill,Wegovy pill,1.5mg,Simple Online Pharmacy,9011287,,129.00,,,
2026-10-04T13:12:05Z,2026-10-04,listed,Wegovy pill,Wegovy pill,25mg,Simple Online Pharmacy,9011287,,219.00,,,
2026-10-04T13:12:05Z,2026-10-04,listed,Wegovy pill,Wegovy pill,4mg,Simple Online Pharmacy,9011287,,139.00,,,
2026-10-04T13:12:05Z,2026-10-04,listed,Wegovy pill,Wegovy pill,9mg,Simple Online Pharmacy,9011287,,169.00,,,
2026-10-04T13:12:05Z,2026-10-04,listed,Wegovy pill,Wegovy pill,1.5mg,Simply Meds Online,9010764,,109.99,,,
2026-10-04T13:12:05Z,2026-10-04,listed,Wegovy pill,Wegovy pill,4mg,Simply Meds Online,9010764,,114.99,,,
2026-10-04T13:12:05Z,2026-10-04,listed,Wegovy pill,Wegovy pill,9mg,Simply Meds Online,9010764,,149.99,,,
2026-10-04T13:12:05Z,2026-10-04,listed,Wegovy pill,Wegovy pill,1.5mg,Superdrug,9010736,,79.00,,,
2026-10-04T13:12:05Z,2026-10-04,listed,Wegovy pill,Wegovy pill,25mg,Superdrug,9010736,,209.00,,,
2026-10-04T13:12:05Z,2026-10-04,listed,Wegovy pill,Wegovy pill,4mg,Superdrug,9010736,,99.00,,,
2026-10-04T13:12:05Z,2026-10-04,listed,Wegovy pill,Wegovy pill,9mg,Superdrug,9010736,,149.00,,,
2026-10-04T13:12:05Z,2026-10-04,listed,Wegovy pill,Wegovy pill,1.5mg,Swift Doctor,9012809,,109.00,,,
2026-10-04T13:12:05Z,2026-10-04,listed,Wegovy pill,Wegovy pill,25mg,Swift Doctor,9012809,,179.00,,,
2026-10-04T13:12:05Z,2026-10-04,listed,Wegovy pill,Wegovy pill,4mg,Swift Doctor,9012809,,119.00,,,
2026-10-04T13:12:05Z,2026-10-04,listed,Wegovy pill,Wegovy pill,9mg,Swift Doctor,9012809,,129.00,,,
2026-10-04T13:12:05Z,2026-10-04,listed,Wegovy pill,Wegovy pill,1.5mg,The Care Pharmacy,9010308,,99.99,,,
2026-10-04T13:12:05Z,2026-10-04,listed,Wegovy pill,Wegovy pill,25mg,The Care Pharmacy,9010308,,189.99,,,
2026-10-04T13:12:05Z,2026-10-04,listed,Wegovy pill,Wegovy pill,4mg,The Care Pharmacy,9010308,,109.99,,,
2026-10-04T13:12:05Z,2026-10-04,listed,Wegovy pill,Wegovy pill,9mg,The Care Pharmacy,9010308,,139.99,,,
2026-10-04T13:12:05Z,2026-10-04,listed,Wegovy pill,Wegovy pill,1.5mg,The Family Chemist,9012318,,89.99,,,
2026-10-04T13:12:05Z,2026-10-04,listed,Wegovy pill,Wegovy pill,25mg,The Family Chemist,9012318,,156.99,,,
2026-10-04T13:12:05Z,2026-10-04,listed,Wegovy pill,Wegovy pill,4mg,The Family Chemist,9012318,,99.99,,,
2026-10-04T13:12:05Z,2026-10-04,listed,Wegovy pill,Wegovy pill,9mg,The Family Chemist,9012318,,110.99,,,
2026-10-04T13:12:05Z,2026-10-04,listed,Wegovy pill,Wegovy pill,1.5mg,The Independent Pharmacy,9012559,,98.99,,,
2026-10-04T13:12:05Z,2026-10-04,listed,Wegovy pill,Wegovy pill,25mg,The Independent Pharmacy,9012559,,199.99,,,
2026-10-04T13:12:05Z,2026-10-04,listed,Wegovy pill,Wegovy pill,4mg,The Independent Pharmacy,9012559,,109.99,,,
2026-10-04T13:12:05Z,2026-10-04,listed,Wegovy pill,Wegovy pill,9mg,The Independent Pharmacy,9012559,,129.99,,,
2026-10-04T13:12:05Z,2026-10-04,listed,Wegovy pill,Wegovy pill,1.5mg,Tribelle,9012688,,100.00,,,
2026-10-04T13:12:05Z,2026-10-04,listed,Wegovy pill,Wegovy pill,25mg,Tribelle,9012688,,186.00,,,
2026-10-04T13:12:05Z,2026-10-04,listed,Wegovy pill,Wegovy pill,4mg,Tribelle,9012688,,109.00,,,
2026-10-04T13:12:05Z,2026-10-04,listed,Wegovy pill,Wegovy pill,9mg,Tribelle,9012688,,128.00,,,
2026-10-04T13:12:05Z,2026-10-04,listed,Wegovy pill,Wegovy pill,1.5mg,Trim,9012710,,114.90,,,
2026-10-04T13:12:05Z,2026-10-04,listed,Wegovy pill,Wegovy pill,25mg,Trim,9012710,,225.00,,,
2026-10-04T13:12:05Z,2026-10-04,listed,Wegovy pill,Wegovy pill,4mg,Trim,9012710,,165.00,,,
2026-10-04T13:12:05Z,2026-10-04,listed,Wegovy pill,Wegovy pill,9mg,Trim,9012710,,185.00,,,
2026-10-04T13:12:05Z,2026-10-04,listed,Wegovy pill,Wegovy pill,1.5mg,Voy,9012134,,154.00,,,
2026-10-04T13:12:05Z,2026-10-04,listed,Wegovy pill,Wegovy pill,25mg,Voy,9012134,,269.00,,,
2026-10-04T13:12:05Z,2026-10-04,listed,Wegovy pill,Wegovy pill,4mg,Voy,9012134,,179.00,,,
2026-10-04T13:12:05Z,2026-10-04,listed,Wegovy pill,Wegovy pill,9mg,Voy,9012134,,219.00,,,
2026-10-04T13:12:05Z,2026-10-04,listed,Wegovy pill,Wegovy pill,1.5mg,Webmed Pharmacy,9011118,,99.00,,,
2026-10-04T13:12:05Z,2026-10-04,listed,Wegovy pill,Wegovy pill,25mg,Webmed Pharmacy,9011118,,189.00,,,
2026-10-04T13:12:05Z,2026-10-04,listed,Wegovy pill,Wegovy pill,4mg,Webmed Pharmacy,9011118,,119.00,,,
2026-10-04T13:12:05Z,2026-10-04,listed,Wegovy pill,Wegovy pill,9mg,Webmed Pharmacy,9011118,,139.00,,,
2026-10-04T13:12:05Z,2026-10-04,listed,Wegovy pill,Wegovy pill,1.5mg,Weprescribe,9012132,,129.99,,,
2026-10-04T13:12:05Z,2026-10-04,listed,Wegovy pill,Wegovy pill,25mg,Weprescribe,9012132,,194.99,,,
2026-10-04T13:12:05Z,2026-10-04,listed,Wegovy pill,Wegovy pill,4mg,Weprescribe,9012132,,133.99,,,
2026-10-04T13:12:05Z,2026-10-04,listed,Wegovy pill,Wegovy pill,9mg,Weprescribe,9012132,,144.99,,,
2026-10-04T13:12:05Z,2026-10-04,listed,Wegovy pill,Wegovy pill,1.5mg,YourDose Pharmacy,9013045,,109.00,,,YD10
2026-10-04T13:12:05Z,2026-10-04,listed,Wegovy pill,Wegovy pill,4mg,YourDose Pharmacy,9013045,,112.00,,,YD10
2026-10-04T13:12:05Z,2026-10-04,listed,Wegovy pill,Wegovy pill,9mg,YourDose Pharmacy,9013045,,127.00,,,YD10
2026-10-04T13:12:05Z,2026-10-04,listed,Wegovy pill,Wegovy pill,1.5mg,Yourpharmacy,9012029,,109.00,,,
2026-10-04T13:12:05Z,2026-10-04,listed,Wegovy pill,Wegovy pill,25mg,Yourpharmacy,9012029,,199.00,,,
2026-10-04T13:12:05Z,2026-10-04,listed,Wegovy pill,Wegovy pill,4mg,Yourpharmacy,9012029,,125.00,,,
2026-10-04T13:12:05Z,2026-10-04,listed,Wegovy pill,Wegovy pill,9mg,Yourpharmacy,9012029,,139.00,,,
2026-10-04T13:12:05Z,2026-10-04,listed,Wegovy pill,Wegovy pill,1.5mg,Zava,9012701,,97.99,,,
2026-10-04T13:12:05Z,2026-10-04,listed,Wegovy pill,Wegovy pill,25mg,Zava,9012701,,187.99,,,
2026-10-04T13:12:05Z,2026-10-04,listed,Wegovy pill,Wegovy pill,4mg,Zava,9012701,,117.99,,,
2026-10-04T13:12:05Z,2026-10-04,listed,Wegovy pill,Wegovy pill,9mg,Zava,9012701,,127.99,,,
2026-10-04T13:12:05Z,2026-10-04,listed,Wegovy pill,Wegovy pill,1.5mg,health express,9011703,,119.00,,,
2026-10-04T13:12:05Z,2026-10-04,listed,Wegovy pill,Wegovy pill,4mg,health express,9011703,,149.00,,,
2026-10-04T13:12:05Z,2026-10-04,listed,Wegovy pill,Wegovy pill,9mg,health express,9011703,,179.00,,,
2026-10-04T13:12:05Z,2026-10-04,listed,Wegovy injection,Wegovy injection,0.25mg,AYP Healthcare,9011523,,94.99,,,
2026-10-04T13:12:05Z,2026-10-04,listed,Wegovy injection,Wegovy injection,0.5mg,AYP Healthcare,9011523,,98.99,,,
2026-10-04T13:12:05Z,2026-10-04,listed,Wegovy injection,Wegovy injection,1.7mg,AYP Healthcare,9011523,,148.99,,,
2026-10-04T13:12:05Z,2026-10-04,listed,Wegovy injection,Wegovy injection,1mg,AYP Healthcare,9011523,,98.99,,,
2026-10-04T13:12:05Z,2026-10-04,listed,Wegovy injection,Wegovy injection,2.4mg,AYP Healthcare,9011523,,198.99,,,
2026-10-04T13:12:05Z,2026-10-04,listed,Wegovy injection,Wegovy injection,0.25mg,Asda,1116105,,88.97,,,
2026-10-04T13:12:05Z,2026-10-04,listed,Wegovy injection,Wegovy injection,0.5mg,Asda,1116105,,108.97,,,
2026-10-04T13:12:05Z,2026-10-04,listed,Wegovy injection,Wegovy injection,1.7mg,Asda,1116105,,168.97,,,
2026-10-04T13:12:05Z,2026-10-04,listed,Wegovy injection,Wegovy injection,1mg,Asda,1116105,,138.97,,,
2026-10-04T13:12:05Z,2026-10-04,listed,Wegovy injection,Wegovy injection,2.4mg,Asda,1116105,,188.97,,,
2026-10-04T13:12:05Z,2026-10-04,listed,Wegovy injection,Wegovy injection,7.2mg,Asda,1116105,,248.97,,,
2026-10-04T13:12:05Z,2026-10-04,listed,Wegovy injection,Wegovy injection,0.25mg,Ashcroft Pharmacy,9012896,,120.00,,,
2026-10-04T13:12:05Z,2026-10-04,listed,Wegovy injection,Wegovy injection,0.5mg,Ashcroft Pharmacy,9012896,,125.00,,,
2026-10-04T13:12:05Z,2026-10-04,listed,Wegovy injection,Wegovy injection,1.7mg,Ashcroft Pharmacy,9012896,,175.00,,,
2026-10-04T13:12:05Z,2026-10-04,listed,Wegovy injection,Wegovy injection,1mg,Ashcroft Pharmacy,9012896,,125.00,,,
2026-10-04T13:12:05Z,2026-10-04,listed,Wegovy injection,Wegovy injection,2.4mg,Ashcroft Pharmacy,9012896,,225.00,,,
2026-10-04T13:12:05Z,2026-10-04,listed,Wegovy injection,Wegovy injection,7.2mg,Ashcroft Pharmacy,9012896,,299.00,,,
2026-10-04T13:12:05Z,2026-10-04,listed,Wegovy injection,Wegovy injection,0.25mg,Assured Pharmacy,1121967,,89.95,,,
2026-10-04T13:12:05Z,2026-10-04,listed,Wegovy injection,Wegovy injection,0.5mg,Assured Pharmacy,1121967,,139.95,,,
2026-10-04T13:12:05Z,2026-10-04,listed,Wegovy injection,Wegovy injection,1.7mg,Assured Pharmacy,1121967,,179.95,,,
2026-10-04T13:12:05Z,2026-10-04,listed,Wegovy injection,Wegovy injection,1mg,Assured Pharmacy,1121967,,159.95,,,
2026-10-04T13:12:05Z,2026-10-04,listed,Wegovy injection,Wegovy injection,2.4mg,Assured Pharmacy,1121967,,219.95,,,
2026-10-04T13:12:05Z,2026-10-04,listed,Wegovy injection,Wegovy injection,0.25mg,Bolt Pharmacy,9012625,,119.00,,,
2026-10-04T13:12:05Z,2026-10-04,listed,Wegovy injection,Wegovy injection,0.5mg,Bolt Pharmacy,9012625,,129.00,,,
2026-10-04T13:12:05Z,2026-10-04,listed,Wegovy injection,Wegovy injection,1.7mg,Bolt Pharmacy,9012625,,179.00,,,
2026-10-04T13:12:05Z,2026-10-04,listed,Wegovy injection,Wegovy injection,1mg,Bolt Pharmacy,9012625,,139.00,,,
2026-10-04T13:12:05Z,2026-10-04,listed,Wegovy injection,Wegovy injection,2.4mg,Bolt Pharmacy,9012625,,199.00,,,
2026-10-04T13:12:05Z,2026-10-04,listed,Wegovy injection,Wegovy injection,7.2mg,Bolt Pharmacy,9012625,,259.00,,,
2026-10-04T13:12:05Z,2026-10-04,listed,Wegovy injection,Wegovy injection,0.25mg,Boots Online Doctor,1030075,,79.97,,,
2026-10-04T13:12:05Z,2026-10-04,listed,Wegovy injection,Wegovy injection,0.5mg,Boots Online Doctor,1030075,,114.97,,,
2026-10-04T13:12:05Z,2026-10-04,listed,Wegovy injection,Wegovy injection,1.7mg,Boots Online Doctor,1030075,,192.97,,,
2026-10-04T13:12:05Z,2026-10-04,listed,Wegovy injection,Wegovy injection,1mg,Boots Online Doctor,1030075,,166.97,,,
2026-10-04T13:12:05Z,2026-10-04,listed,Wegovy injection,Wegovy injection,2.4mg,Boots Online Doctor,1030075,,205.97,,,
2026-10-04T13:12:05Z,2026-10-04,listed,Wegovy injection,Wegovy injection,7.2mg,Boots Online Doctor,1030075,,285.97,,,
2026-10-04T13:12:05Z,2026-10-04,listed,Wegovy injection,Wegovy injection,0.25mg,Chemist4U,9011784,,99.00,,,
2026-10-04T13:12:05Z,2026-10-04,listed,Wegovy injection,Wegovy injection,0.5mg,Chemist4U,9011784,,109.00,,,
2026-10-04T13:12:05Z,2026-10-04,listed,Wegovy injection,Wegovy injection,1.7mg,Chemist4U,9011784,,169.00,,,
2026-10-04T13:12:05Z,2026-10-04,listed,Wegovy injection,Wegovy injection,1mg,Chemist4U,9011784,,119.00,,,
2026-10-04T13:12:05Z,2026-10-04,listed,Wegovy injection,Wegovy injection,2.4mg,Chemist4U,9011784,,199.00,,,
2026-10-04T13:12:05Z,2026-10-04,listed,Wegovy injection,Wegovy injection,7.2mg,Chemist4U,9011784,,279.00,,,
2026-10-04T13:12:05Z,2026-10-04,listed,Wegovy injection,Wegovy injection,0.25mg,Chequp,9012707,,129.00,,,
2026-10-04T13:12:05Z,2026-10-04,listed,Wegovy injection,Wegovy injection,0.5mg,Chequp,9012707,,149.00,,,
2026-10-04T13:12:05Z,2026-10-04,listed,Wegovy injection,Wegovy injection,1.7mg,Chequp,9012707,,199.00,,,
2026-10-04T13:12:05Z,2026-10-04,listed,Wegovy injection,Wegovy injection,1mg,Chequp,9012707,,169.00,,,
2026-10-04T13:12:05Z,2026-10-04,listed,Wegovy injection,Wegovy injection,2.4mg,Chequp,9012707,,219.00,,,
2026-10-04T13:12:05Z,2026-10-04,listed,Wegovy injection,Wegovy injection,7.2mg,Chequp,9012707,,319.00,,,
2026-10-04T13:12:05Z,2026-10-04,listed,Wegovy injection,Wegovy injection,0.25mg,Click 2 Pharmacy,1033781,,109.00,,,
2026-10-04T13:12:05Z,2026-10-04,listed,Wegovy injection,Wegovy injection,0.5mg,Click 2 Pharmacy,1033781,,109.00,,,
2026-10-04T13:12:05Z,2026-10-04,listed,Wegovy injection,Wegovy injection,1.7mg,Click 2 Pharmacy,1033781,,168.99,,,
2026-10-04T13:12:05Z,2026-10-04,listed,Wegovy injection,Wegovy injection,1mg,Click 2 Pharmacy,1033781,,109.00,,,
2026-10-04T13:12:05Z,2026-10-04,listed,Wegovy injection,Wegovy injection,2.4mg,Click 2 Pharmacy,1033781,,198.99,,,
2026-10-04T13:12:05Z,2026-10-04,listed,Wegovy injection,Wegovy injection,7.2mg,Click 2 Pharmacy,1033781,,275.99,,,
2026-10-04T13:12:05Z,2026-10-04,listed,Wegovy injection,Wegovy injection,0.25mg,Click Pharmacy,9011460,,103.99,,,
2026-10-04T13:12:05Z,2026-10-04,listed,Wegovy injection,Wegovy injection,0.5mg,Click Pharmacy,9011460,,147.99,,,
2026-10-04T13:12:05Z,2026-10-04,listed,Wegovy injection,Wegovy injection,1.7mg,Click Pharmacy,9011460,,215.99,,,
2026-10-04T13:12:05Z,2026-10-04,listed,Wegovy injection,Wegovy injection,1mg,Click Pharmacy,9011460,,151.99,,,
2026-10-04T13:12:05Z,2026-10-04,listed,Wegovy injection,Wegovy injection,2.4mg,Click Pharmacy,9011460,,255.99,,,
2026-10-04T13:12:05Z,2026-10-04,listed,Wegovy injection,Wegovy injection,0.25mg,Cloud Pharmacy,9012073,,114.99,,,
2026-10-04T13:12:05Z,2026-10-04,listed,Wegovy injection,Wegovy injection,0.5mg,Cloud Pharmacy,9012073,,119.99,,,
2026-10-04T13:12:05Z,2026-10-04,listed,Wegovy injection,Wegovy injection,1.7mg,Cloud Pharmacy,9012073,,149.99,,,
2026-10-04T13:12:05Z,2026-10-04,listed,Wegovy injection,Wegovy injection,1mg,Cloud Pharmacy,9012073,,124.99,,,
2026-10-04T13:12:05Z,2026-10-04,listed,Wegovy injection,Wegovy injection,2.4mg,Cloud Pharmacy,9012073,,174.99,,,
2026-10-04T13:12:05Z,2026-10-04,listed,Wegovy injection,Wegovy injection,7.2mg,Cloud Pharmacy,9012073,,269.99,,,
2026-10-04T13:12:05Z,2026-10-04,listed,Wegovy injection,Wegovy injection,0.25mg,Curate,9012358,,108.00,,,
2026-10-04T13:12:05Z,2026-10-04,listed,Wegovy injection,Wegovy injection,0.5mg,Curate,9012358,,128.00,,,
2026-10-04T13:12:05Z,2026-10-04,listed,Wegovy injection,Wegovy injection,1.7mg,Curate,9012358,,178.00,,,
2026-10-04T13:12:05Z,2026-10-04,listed,Wegovy injection,Wegovy injection,1mg,Curate,9012358,,135.00,,,
2026-10-04T13:12:05Z,2026-10-04,listed,Wegovy injection,Wegovy injection,2.4mg,Curate,9012358,,204.00,,,
2026-10-04T13:12:05Z,2026-10-04,listed,Wegovy injection,Wegovy injection,0.25mg,Cured Pharmacy,9012511,,89.00,,,
2026-10-04T13:12:05Z,2026-10-04,listed,Wegovy injection,Wegovy injection,0.5mg,Cured Pharmacy,9012511,,109.00,,,
2026-10-04T13:12:05Z,2026-10-04,listed,Wegovy injection,Wegovy injection,1.7mg,Cured Pharmacy,9012511,,169.00,,,
2026-10-04T13:12:05Z,2026-10-04,listed,Wegovy injection,Wegovy injection,1mg,Cured Pharmacy,9012511,,119.00,,,
2026-10-04T13:12:05Z,2026-10-04,listed,Wegovy injection,Wegovy injection,2.4mg,Cured Pharmacy,9012511,,199.00,,,
2026-10-04T13:12:05Z,2026-10-04,listed,Wegovy injection,Wegovy injection,0.25mg,Curely,9012401,,99.49,,,
2026-10-04T13:12:05Z,2026-10-04,listed,Wegovy injection,Wegovy injection,0.5mg,Curely,9012401,,109.99,,,
2026-10-04T13:12:05Z,2026-10-04,listed,Wegovy injection,Wegovy injection,1.7mg,Curely,9012401,,169.99,,,
2026-10-04T13:12:05Z,2026-10-04,listed,Wegovy injection,Wegovy injection,1mg,Curely,9012401,,119.99,,,
2026-10-04T13:12:05Z,2026-10-04,listed,Wegovy injection,Wegovy injection,2.4mg,Curely,9012401,,239.99,,,
2026-10-04T13:12:05Z,2026-10-04,listed,Wegovy injection,Wegovy injection,0.25mg,Cuva Health,9012581,,84.00,,,MED6
2026-10-04T13:12:05Z,2026-10-04,listed,Wegovy injection,Wegovy injection,0.5mg,Cuva Health,9012581,,89.99,,,MED6
2026-10-04T13:12:05Z,2026-10-04,listed,Wegovy injection,Wegovy injection,1.7mg,Cuva Health,9012581,,149.99,,,MED6
2026-10-04T13:12:05Z,2026-10-04,listed,Wegovy injection,Wegovy injection,1mg,Cuva Health,9012581,,95.99,,,MED6
2026-10-04T13:12:05Z,2026-10-04,listed,Wegovy injection,Wegovy injection,2.4mg,Cuva Health,9012581,,209.99,,,MED6
2026-10-04T13:12:05Z,2026-10-04,listed,Wegovy injection,Wegovy injection,0.25mg,Dr Weightmans,1092500,,90.00,,,
2026-10-04T13:12:05Z,2026-10-04,listed,Wegovy injection,Wegovy injection,0.5mg,Dr Weightmans,1092500,,100.00,,,
2026-10-04T13:12:05Z,2026-10-04,listed,Wegovy injection,Wegovy injection,1.7mg,Dr Weightmans,1092500,,125.00,,,
2026-10-04T13:12:05Z,2026-10-04,listed,Wegovy injection,Wegovy injection,1mg,Dr Weightmans,1092500,,110.00,,,
2026-10-04T13:12:05Z,2026-10-04,listed,Wegovy injection,Wegovy injection,2.4mg,Dr Weightmans,1092500,,150.00,,,
2026-10-04T13:12:05Z,2026-10-04,listed,Wegovy injection,Wegovy injection,7.2mg,Dr Weightmans,1092500,,220.00,,,
2026-10-04T13:12:05Z,2026-10-04,listed,Wegovy injection,Wegovy injection,0.25mg,E-Surgery,9012167,,117.64,,,
2026-10-04T13:12:05Z,2026-10-04,listed,Wegovy injection,Wegovy injection,0.5mg,E-Surgery,9012167,,141.12,,,
2026-10-04T13:12:05Z,2026-10-04,listed,Wegovy injection,Wegovy injection,1.7mg,E-Surgery,9012167,,199.94,,,
2026-10-04T13:12:05Z,2026-10-04,listed,Wegovy injection,Wegovy injection,1mg,E-Surgery,9012167,,158.76,,,
2026-10-04T13:12:05Z,2026-10-04,listed,Wegovy injection,Wegovy injection,2.4mg,E-Surgery,9012167,,235.24,,,
2026-10-04T13:12:05Z,2026-10-04,listed,Wegovy injection,Wegovy injection,0.25mg,Farmeci,9011790,,91.00,,,MEDFARM10
2026-10-04T13:12:05Z,2026-10-04,listed,Wegovy injection,Wegovy injection,0.5mg,Farmeci,9011790,,114.00,,,MEDFARM10
2026-10-04T13:12:05Z,2026-10-04,listed,Wegovy injection,Wegovy injection,1.7mg,Farmeci,9011790,,159.00,,,MEDFARM10
2026-10-04T13:12:05Z,2026-10-04,listed,Wegovy injection,Wegovy injection,1mg,Farmeci,9011790,,114.00,,,MEDFARM10
2026-10-04T13:12:05Z,2026-10-04,listed,Wegovy injection,Wegovy injection,2.4mg,Farmeci,9011790,,195.00,,,MEDFARM10
2026-10-04T13:12:05Z,2026-10-04,listed,Wegovy injection,Wegovy injection,0.25mg,Fella,9012625,,99.00,,,
2026-10-04T13:12:05Z,2026-10-04,listed,Wegovy injection,Wegovy injection,0.5mg,Fella,9012625,,109.00,,,
2026-10-04T13:12:05Z,2026-10-04,listed,Wegovy injection,Wegovy injection,1.7mg,Fella,9012625,,159.00,,,
2026-10-04T13:12:05Z,2026-10-04,listed,Wegovy injection,Wegovy injection,1mg,Fella,9012625,,119.00,,,
2026-10-04T13:12:05Z,2026-10-04,listed,Wegovy injection,Wegovy injection,2.4mg,Fella,9012625,,179.00,,,
2026-10-04T13:12:05Z,2026-10-04,listed,Wegovy injection,Wegovy injection,7.2mg,Fella,9012625,,239.00,,,
2026-10-04T13:12:05Z,2026-10-04,listed,Wegovy injection,Wegovy injection,0.25mg,Fylde Clinic,9012835,,94.00,,,
2026-10-04T13:12:05Z,2026-10-04,listed,Wegovy injection,Wegovy injection,0.5mg,Fylde Clinic,9012835,,98.00,,,
2026-10-04T13:12:05Z,2026-10-04,listed,Wegovy injection,Wegovy injection,1.7mg,Fylde Clinic,9012835,,109.00,,,
2026-10-04T13:12:05Z,2026-10-04,listed,Wegovy injection,Wegovy injection,1mg,Fylde Clinic,9012835,,98.00,,,
2026-10-04T13:12:05Z,2026-10-04,listed,Wegovy injection,Wegovy injection,2.4mg,Fylde Clinic,9012835,,150.00,,,
2026-10-04T13:12:05Z,2026-10-04,listed,Wegovy injection,Wegovy injection,0.25mg,Get A Drip,9012347,,99.00,,,
2026-10-04T13:12:05Z,2026-10-04,listed,Wegovy injection,Wegovy injection,0.5mg,Get A Drip,9012347,,109.00,,,
2026-10-04T13:12:05Z,2026-10-04,listed,Wegovy injection,Wegovy injection,1.7mg,Get A Drip,9012347,,159.00,,,
2026-10-04T13:12:05Z,2026-10-04,listed,Wegovy injection,Wegovy injection,1mg,Get A Drip,9012347,,119.00,,,
2026-10-04T13:12:05Z,2026-10-04,listed,Wegovy injection,Wegovy injection,2.4mg,Get A Drip,9012347,,209.00,,,
2026-10-04T13:12:05Z,2026-10-04,listed,Wegovy injection,Wegovy injection,0.25mg,Happy Pharmacy,9012585,,89.99,,,
2026-10-04T13:12:05Z,2026-10-04,listed,Wegovy injection,Wegovy injection,0.5mg,Happy Pharmacy,9012585,,104.99,,,
2026-10-04T13:12:05Z,2026-10-04,listed,Wegovy injection,Wegovy injection,1.7mg,Happy Pharmacy,9012585,,159.99,,,
2026-10-04T13:12:05Z,2026-10-04,listed,Wegovy injection,Wegovy injection,1mg,Happy Pharmacy,9012585,,124.99,,,
2026-10-04T13:12:05Z,2026-10-04,listed,Wegovy injection,Wegovy injection,2.4mg,Happy Pharmacy,9012585,,194.99,,,
2026-10-04T13:12:05Z,2026-10-04,listed,Wegovy injection,Wegovy injection,0.25mg,IQ Doctor,9010411,,122.99,,,
2026-10-04T13:12:05Z,2026-10-04,listed,Wegovy injection,Wegovy injection,0.5mg,IQ Doctor,9010411,,127.99,,,
2026-10-04T13:12:05Z,2026-10-04,listed,Wegovy injection,Wegovy injection,1.7mg,IQ Doctor,9010411,,173.99,,,
2026-10-04T13:12:05Z,2026-10-04,listed,Wegovy injection,Wegovy injection,1mg,IQ Doctor,9010411,,127.99,,,
2026-10-04T13:12:05Z,2026-10-04,listed,Wegovy injection,Wegovy injection,2.4mg,IQ Doctor,9010411,,193.99,,,
2026-10-04T13:12:05Z,2026-10-04,listed,Wegovy injection,Wegovy injection,7.2mg,IQ Doctor,9010411,,360.00,,,
2026-10-04T13:12:05Z,2026-10-04,listed,Wegovy injection,Wegovy injection,0.25mg,Juniper,9011842,,164.00,,,
2026-10-04T13:12:05Z,2026-10-04,listed,Wegovy injection,Wegovy injection,0.5mg,Juniper,9011842,,164.00,,,
2026-10-04T13:12:05Z,2026-10-04,listed,Wegovy injection,Wegovy injection,1.7mg,Juniper,9011842,,209.00,,,
2026-10-04T13:12:05Z,2026-10-04,listed,Wegovy injection,Wegovy injection,1mg,Juniper,9011842,,179.00,,,
2026-10-04T13:12:05Z,2026-10-04,listed,Wegovy injection,Wegovy injection,2.4mg,Juniper,9011842,,229.00,,,
2026-10-04T13:12:05Z,2026-10-04,listed,Wegovy injection,Wegovy injection,0.25mg,Live Well Weight Loss,9012516,,105.00,,,FIRST5
2026-10-04T13:12:05Z,2026-10-04,listed,Wegovy injection,Wegovy injection,0.5mg,Live Well Weight Loss,9012516,,109.00,,,FIRST5
2026-10-04T13:12:05Z,2026-10-04,listed,Wegovy injection,Wegovy injection,1.7mg,Live Well Weight Loss,9012516,,159.00,,,FIRST5
2026-10-04T13:12:05Z,2026-10-04,listed,Wegovy injection,Wegovy injection,1mg,Live Well Weight Loss,9012516,,109.00,,,FIRST5
2026-10-04T13:12:05Z,2026-10-04,listed,Wegovy injection,Wegovy injection,2.4mg,Live Well Weight Loss,9012516,,199.00,,,FIRST5
2026-10-04T13:12:05Z,2026-10-04,listed,Wegovy injection,Wegovy injection,0.25mg,Lloyds Pharmacy,9011437,,99.99,,,
2026-10-04T13:12:05Z,2026-10-04,listed,Wegovy injection,Wegovy injection,0.5mg,Lloyds Pharmacy,9011437,,119.99,,,
2026-10-04T13:12:05Z,2026-10-04,listed,Wegovy injection,Wegovy injection,1.7mg,Lloyds Pharmacy,9011437,,179.99,,,
2026-10-04T13:12:05Z,2026-10-04,listed,Wegovy injection,Wegovy injection,1mg,Lloyds Pharmacy,9011437,,149.99,,,
2026-10-04T13:12:05Z,2026-10-04,listed,Wegovy injection,Wegovy injection,2.4mg,Lloyds Pharmacy,9011437,,199.99,,,
2026-10-04T13:12:05Z,2026-10-04,listed,Wegovy injection,Wegovy injection,7.2mg,Lloyds Pharmacy,9011437,,289.99,,,
2026-10-04T13:12:05Z,2026-10-04,listed,Wegovy injection,Wegovy injection,0.25mg,Lotus Weight Loss,9011284,,59.00,,,LWSAVE40
2026-10-04T13:12:05Z,2026-10-04,listed,Wegovy injection,Wegovy injection,0.5mg,Lotus Weight Loss,9011284,,80.00,,,LWSAVE40
2026-10-04T13:12:05Z,2026-10-04,listed,Wegovy injection,Wegovy injection,1.7mg,Lotus Weight Loss,9011284,,101.00,,,LWSAVE40
2026-10-04T13:12:05Z,2026-10-04,listed,Wegovy injection,Wegovy injection,1mg,Lotus Weight Loss,9011284,,80.00,,,LWSAVE40
2026-10-04T13:12:05Z,2026-10-04,listed,Wegovy injection,Wegovy injection,2.4mg,Lotus Weight Loss,9011284,,121.00,,,LWSAVE40
2026-10-04T13:12:05Z,2026-10-04,listed,Wegovy injection,Wegovy injection,7.2mg,Lotus Weight Loss,9011284,,181.00,,,LWSAVE40
2026-10-04T13:12:05Z,2026-10-04,listed,Wegovy injection,Wegovy injection,0.25mg,MSH Weight Loss,9012599,,119.00,,,
2026-10-04T13:12:05Z,2026-10-04,listed,Wegovy injection,Wegovy injection,0.5mg,MSH Weight Loss,9012599,,139.00,,,
2026-10-04T13:12:05Z,2026-10-04,listed,Wegovy injection,Wegovy injection,1.7mg,MSH Weight Loss,9012599,,189.00,,,
2026-10-04T13:12:05Z,2026-10-04,listed,Wegovy injection,Wegovy injection,1mg,MSH Weight Loss,9012599,,149.00,,,
2026-10-04T13:12:05Z,2026-10-04,listed,Wegovy injection,Wegovy injection,2.4mg,MSH Weight Loss,9012599,,239.00,,,
2026-10-04T13:12:05Z,2026-10-04,listed,Wegovy injection,Wegovy injection,0.25mg,MYBMI,9011784,,119.00,,,
2026-10-04T13:12:05Z,2026-10-04,listed,Wegovy injection,Wegovy injection,0.5mg,MYBMI,9011784,,129.00,,,
2026-10-04T13:12:05Z,2026-10-04,listed,Wegovy injection,Wegovy injection,1.7mg,MYBMI,9011784,,169.00,,,
2026-10-04T13:12:05Z,2026-10-04,listed,Wegovy injection,Wegovy injection,1mg,MYBMI,9011784,,139.00,,,
2026-10-04T13:12:05Z,2026-10-04,listed,Wegovy injection,Wegovy injection,2.4mg,MYBMI,9011784,,199.00,,,
2026-10-04T13:12:05Z,2026-10-04,listed,Wegovy injection,Wegovy injection,7.2mg,MYBMI,9011784,,279.00,,,
2026-10-04T13:12:05Z,2026-10-04,listed,Wegovy injection,Wegovy injection,0.25mg,Medexpress,9012633,,99.99,,,
2026-10-04T13:12:05Z,2026-10-04,listed,Wegovy injection,Wegovy injection,0.5mg,Medexpress,9012633,,119.99,,,
2026-10-04T13:12:05Z,2026-10-04,listed,Wegovy injection,Wegovy injection,1.7mg,Medexpress,9012633,,179.99,,,
2026-10-04T13:12:05Z,2026-10-04,listed,Wegovy injection,Wegovy injection,1mg,Medexpress,9012633,,149.99,,,
2026-10-04T13:12:05Z,2026-10-04,listed,Wegovy injection,Wegovy injection,2.4mg,Medexpress,9012633,,199.99,,,
2026-10-04T13:12:05Z,2026-10-04,listed,Wegovy injection,Wegovy injection,7.2mg,Medexpress,9012633,,279.99,,,
2026-10-04T13:12:05Z,2026-10-04,listed,Wegovy injection,Wegovy injection,0.25mg,Medicine Market place,1116946,,92.00,,,
2026-10-04T13:12:05Z,2026-10-04,listed,Wegovy injection,Wegovy injection,0.5mg,Medicine Market place,1116946,,92.00,,,
2026-10-04T13:12:05Z,2026-10-04,listed,Wegovy injection,Wegovy injection,1.7mg,Medicine Market place,1116946,,117.00,,,
2026-10-04T13:12:05Z,2026-10-04,listed,Wegovy injection,Wegovy injection,1mg,Medicine Market place,1116946,,92.00,,,
2026-10-04T13:12:05Z,2026-10-04,listed,Wegovy injection,Wegovy injection,2.4mg,Medicine Market place,1116946,,135.00,,,
2026-10-04T13:12:05Z,2026-10-04,listed,Wegovy injection,Wegovy injection,7.2mg,Medicine Market place,1116946,,202.00,,,
2026-10-04T13:12:05Z,2026-10-04,listed,Wegovy injection,Wegovy injection,0.25mg,Medicspot,9012559,,89.00,,,
2026-10-04T13:12:05Z,2026-10-04,listed,Wegovy injection,Wegovy injection,0.5mg,Medicspot,9012559,,109.00,,,
2026-10-04T13:12:05Z,2026-10-04,listed,Wegovy injection,Wegovy injection,1.7mg,Medicspot,9012559,,149.00,,,
2026-10-04T13:12:05Z,2026-10-04,listed,Wegovy injection,Wegovy injection,1mg,Medicspot,9012559,,129.00,,,
2026-10-04T13:12:05Z,2026-10-04,listed,Wegovy injection,Wegovy injection,2.4mg,Medicspot,9012559,,169.00,,,
2026-10-04T13:12:05Z,2026-10-04,listed,Wegovy injection,Wegovy injection,7.2mg,Medicspot,9012559,,219.00,,,
2026-10-04T13:12:05Z,2026-10-04,listed,Wegovy injection,Wegovy injection,0.25mg,Medino,9011921,,95.99,,,
2026-10-04T13:12:05Z,2026-10-04,listed,Wegovy injection,Wegovy injection,0.5mg,Medino,9011921,,99.99,,,
2026-10-04T13:12:05Z,2026-10-04,listed,Wegovy injection,Wegovy injection,1.7mg,Medino,9011921,,169.99,,,
2026-10-04T13:12:05Z,2026-10-04,listed,Wegovy injection,Wegovy injection,1mg,Medino,9011921,,105.99,,,
2026-10-04T13:12:05Z,2026-10-04,listed,Wegovy injection,Wegovy injection,2.4mg,Medino,9011921,,229.99,,,
2026-10-04T13:12:05Z,2026-10-04,listed,Wegovy injection,Wegovy injection,0.25mg,Morrisons Clinic,2205052,,79.00,,,
2026-10-04T13:12:05Z,2026-10-04,listed,Wegovy injection,Wegovy injection,0.5mg,Morrisons Clinic,2205052,,139.00,,,
2026-10-04T13:12:05Z,2026-10-04,listed,Wegovy injection,Wegovy injection,1.7mg,Morrisons Clinic,2205052,,189.00,,,
2026-10-04T13:12:05Z,2026-10-04,listed,Wegovy injection,Wegovy injection,1mg,Morrisons Clinic,2205052,,169.00,,,
2026-10-04T13:12:05Z,2026-10-04,listed,Wegovy injection,Wegovy injection,2.4mg,Morrisons Clinic,2205052,,199.00,,,
2026-10-04T13:12:05Z,2026-10-04,listed,Wegovy injection,Wegovy injection,7.2mg,Morrisons Clinic,2205052,,279.00,,,
2026-10-04T13:12:05Z,2026-10-04,listed,Wegovy injection,Wegovy injection,0.25mg,My London Pharmacy,9012733,,91.00,,,MEDMLP10
2026-10-04T13:12:05Z,2026-10-04,listed,Wegovy injection,Wegovy injection,0.5mg,My London Pharmacy,9012733,,114.00,,,MEDMLP10
2026-10-04T13:12:05Z,2026-10-04,listed,Wegovy injection,Wegovy injection,1.7mg,My London Pharmacy,9012733,,159.00,,,MEDMLP10
2026-10-04T13:12:05Z,2026-10-04,listed,Wegovy injection,Wegovy injection,1mg,My London Pharmacy,9012733,,114.00,,,MEDMLP10
2026-10-04T13:12:05Z,2026-10-04,listed,Wegovy injection,Wegovy injection,2.4mg,My London Pharmacy,9012733,,195.00,,,MEDMLP10
2026-10-04T13:12:05Z,2026-10-04,listed,Wegovy injection,Wegovy injection,0.25mg,New Health,9011199,,49.00,,,
2026-10-04T13:12:05Z,2026-10-04,listed,Wegovy injection,Wegovy injection,0.5mg,New Health,9011199,,68.00,,,
2026-10-04T13:12:05Z,2026-10-04,listed,Wegovy injection,Wegovy injection,1.7mg,New Health,9011199,,101.00,,,
2026-10-04T13:12:05Z,2026-10-04,listed,Wegovy injection,Wegovy injection,1mg,New Health,9011199,,75.00,,,
2026-10-04T13:12:05Z,2026-10-04,listed,Wegovy injection,Wegovy injection,2.4mg,New Health,9011199,,120.00,,,
2026-10-04T13:12:05Z,2026-10-04,listed,Wegovy injection,Wegovy injection,7.2mg,New Health,9011199,,184.00,,,
2026-10-04T13:12:05Z,2026-10-04,listed,Wegovy injection,Wegovy injection,0.25mg,Numan,9011408,,129.00,,,
2026-10-04T13:12:05Z,2026-10-04,listed,Wegovy injection,Wegovy injection,0.5mg,Numan,9011408,,159.00,,,
2026-10-04T13:12:05Z,2026-10-04,listed,Wegovy injection,Wegovy injection,1.7mg,Numan,9011408,,209.00,,,
2026-10-04T13:12:05Z,2026-10-04,listed,Wegovy injection,Wegovy injection,1mg,Numan,9011408,,179.00,,,
2026-10-04T13:12:05Z,2026-10-04,listed,Wegovy injection,Wegovy injection,2.4mg,Numan,9011408,,229.00,,,
2026-10-04T13:12:05Z,2026-10-04,listed,Wegovy injection,Wegovy injection,7.2mg,Numan,9011408,,299.00,,,
2026-10-04T13:12:05Z,2026-10-04,listed,Wegovy injection,Wegovy injection,0.25mg,Oushk,9012610,,125.00,,,EAZY40 and EAZY15
2026-10-04T13:12:05Z,2026-10-04,listed,Wegovy injection,Wegovy injection,0.5mg,Oushk,9012610,,129.00,,,EAZY40 and EAZY15
2026-10-04T13:12:05Z,2026-10-04,listed,Wegovy injection,Wegovy injection,1.7mg,Oushk,9012610,,179.00,,,EAZY40 and EAZY15
2026-10-04T13:12:05Z,2026-10-04,listed,Wegovy injection,Wegovy injection,1mg,Oushk,9012610,,139.00,,,EAZY40 and EAZY15
2026-10-04T13:12:05Z,2026-10-04,listed,Wegovy injection,Wegovy injection,2.4mg,Oushk,9012610,,199.00,,,EAZY40 and EAZY15
2026-10-04T13:12:05Z,2026-10-04,listed,Wegovy injection,Wegovy injection,7.2mg,Oushk,9012610,,300.00,,,EAZY40 and EAZY15
2026-10-04T13:12:05Z,2026-10-04,listed,Wegovy injection,Wegovy injection,0.25mg,Oxford Online Pharmacy,9012205,,99.99,,,
2026-10-04T13:12:05Z,2026-10-04,listed,Wegovy injection,Wegovy injection,0.5mg,Oxford Online Pharmacy,9012205,,118.96,,,
2026-10-04T13:12:05Z,2026-10-04,listed,Wegovy injection,Wegovy injection,1.7mg,Oxford Online Pharmacy,9012205,,168.96,,,
2026-10-04T13:12:05Z,2026-10-04,listed,Wegovy injection,Wegovy injection,1mg,Oxford Online Pharmacy,9012205,,138.96,,,
2026-10-04T13:12:05Z,2026-10-04,listed,Wegovy injection,Wegovy injection,2.4mg,Oxford Online Pharmacy,9012205,,188.96,,,
2026-10-04T13:12:05Z,2026-10-04,listed,Wegovy injection,Wegovy injection,7.2mg,Oxford Online Pharmacy,9012205,,279.99,,,
2026-10-04T13:12:05Z,2026-10-04,listed,Wegovy injection,Wegovy injection,0.25mg,Peak Pharmacy,9012214,,99.00,,,
2026-10-04T13:12:05Z,2026-10-04,listed,Wegovy injection,Wegovy injection,0.5mg,Peak Pharmacy,9012214,,110.00,,,
2026-10-04T13:12:05Z,2026-10-04,listed,Wegovy injection,Wegovy injection,1.7mg,Peak Pharmacy,9012214,,160.00,,,
2026-10-04T13:12:05Z,2026-10-04,listed,Wegovy injection,Wegovy injection,1mg,Peak Pharmacy,9012214,,120.00,,,
2026-10-04T13:12:05Z,2026-10-04,listed,Wegovy injection,Wegovy injection,2.4mg,Peak Pharmacy,9012214,,180.00,,,
2026-10-04T13:12:05Z,2026-10-04,listed,Wegovy injection,Wegovy injection,0.25mg,Pharmacy Advance,9012423,,105.99,,,
2026-10-04T13:12:05Z,2026-10-04,listed,Wegovy injection,Wegovy injection,0.5mg,Pharmacy Advance,9012423,,119.99,,,
2026-10-04T13:12:05Z,2026-10-04,listed,Wegovy injection,Wegovy injection,1.7mg,Pharmacy Advance,9012423,,184.99,,,
2026-10-04T13:12:05Z,2026-10-04,listed,Wegovy injection,Wegovy injection,1mg,Pharmacy Advance,9012423,,132.99,,,
2026-10-04T13:12:05Z,2026-10-04,listed,Wegovy injection,Wegovy injection,2.4mg,Pharmacy Advance,9012423,,219.99,,,
2026-10-04T13:12:05Z,2026-10-04,listed,Wegovy injection,Wegovy injection,0.25mg,Pharmacy Express,9012468,,99.49,,,
2026-10-04T13:12:05Z,2026-10-04,listed,Wegovy injection,Wegovy injection,0.5mg,Pharmacy Express,9012468,,104.99,,,
2026-10-04T13:12:05Z,2026-10-04,listed,Wegovy injection,Wegovy injection,1.7mg,Pharmacy Express,9012468,,159.99,,,
2026-10-04T13:12:05Z,2026-10-04,listed,Wegovy injection,Wegovy injection,1mg,Pharmacy Express,9012468,,114.99,,,
2026-10-04T13:12:05Z,2026-10-04,listed,Wegovy injection,Wegovy injection,2.4mg,Pharmacy Express,9012468,,209.99,,,
2026-10-04T13:12:05Z,2026-10-04,listed,Wegovy injection,Wegovy injection,7.2mg,Pharmacy Express,9012468,,599.00,,,
2026-10-04T13:12:05Z,2026-10-04,listed,Wegovy injection,Wegovy injection,0.25mg,Pharmacy Online,9011756,,99.99,,,
2026-10-04T13:12:05Z,2026-10-04,listed,Wegovy injection,Wegovy injection,0.5mg,Pharmacy Online,9011756,,104.99,,,
2026-10-04T13:12:05Z,2026-10-04,listed,Wegovy injection,Wegovy injection,1.7mg,Pharmacy Online,9011756,,139.99,,,
2026-10-04T13:12:05Z,2026-10-04,listed,Wegovy injection,Wegovy injection,1mg,Pharmacy Online,9011756,,109.99,,,
2026-10-04T13:12:05Z,2026-10-04,listed,Wegovy injection,Wegovy injection,2.4mg,Pharmacy Online,9011756,,159.99,,,
2026-10-04T13:12:05Z,2026-10-04,listed,Wegovy injection,Wegovy injection,7.2mg,Pharmacy Online,9011756,,309.99,,,
2026-10-04T13:12:05Z,2026-10-04,listed,Wegovy injection,Wegovy injection,0.25mg,Pharmacy Planet,9010288,,75.00,,,
2026-10-04T13:12:05Z,2026-10-04,listed,Wegovy injection,Wegovy injection,0.5mg,Pharmacy Planet,9010288,,95.00,,,
2026-10-04T13:12:05Z,2026-10-04,listed,Wegovy injection,Wegovy injection,1.7mg,Pharmacy Planet,9010288,,125.00,,,
2026-10-04T13:12:05Z,2026-10-04,listed,Wegovy injection,Wegovy injection,1mg,Pharmacy Planet,9010288,,108.00,,,
2026-10-04T13:12:05Z,2026-10-04,listed,Wegovy injection,Wegovy injection,2.4mg,Pharmacy Planet,9010288,,145.00,,,
2026-10-04T13:12:05Z,2026-10-04,listed,Wegovy injection,Wegovy injection,7.2mg,Pharmacy Planet,9010288,,225.00,,,
2026-10-04T13:12:05Z,2026-10-04,listed,Wegovy injection,Wegovy injection,0.25mg,Pharmacy2U,9010146,,94.99,,,
2026-10-04T13:12:05Z,2026-10-04,listed,Wegovy injection,Wegovy injection,0.5mg,Pharmacy2U,9010146,,114.99,,,
2026-10-04T13:12:05Z,2026-10-04,listed,Wegovy injection,Wegovy injection,1.7mg,Pharmacy2U,9010146,,169.99,,,
2026-10-04T13:12:05Z,2026-10-04,listed,Wegovy injection,Wegovy injection,1mg,Pharmacy2U,9010146,,144.99,,,
2026-10-04T13:12:05Z,2026-10-04,listed,Wegovy injection,Wegovy injection,2.4mg,Pharmacy2U,9010146,,189.99,,,
2026-10-04T13:12:05Z,2026-10-04,listed,Wegovy injection,Wegovy injection,7.2mg,Pharmacy2U,9010146,,269.99,,,
2026-10-04T13:12:05Z,2026-10-04,listed,Wegovy injection,Wegovy injection,0.25mg,Pharmalogic Chemist,1103968,,125.00,,,
2026-10-04T13:12:05Z,2026-10-04,listed,Wegovy injection,Wegovy injection,0.5mg,Pharmalogic Chemist,1103968,,155.00,,,
2026-10-04T13:12:05Z,2026-10-04,listed,Wegovy injection,Wegovy injection,1.7mg,Pharmalogic Chemist,1103968,,225.00,,,
2026-10-04T13:12:05Z,2026-10-04,listed,Wegovy injection,Wegovy injection,1mg,Pharmalogic Chemist,1103968,,155.00,,,
2026-10-04T13:12:05Z,2026-10-04,listed,Wegovy injection,Wegovy injection,2.4mg,Pharmalogic Chemist,1103968,,225.00,,,
2026-10-04T13:12:05Z,2026-10-04,listed,Wegovy injection,Wegovy injection,0.25mg,Pharmica,9012030,,119.99,,,
2026-10-04T13:12:05Z,2026-10-04,listed,Wegovy injection,Wegovy injection,0.5mg,Pharmica,9012030,,134.99,,,
2026-10-04T13:12:05Z,2026-10-04,listed,Wegovy injection,Wegovy injection,1.7mg,Pharmica,9012030,,179.99,,,
2026-10-04T13:12:05Z,2026-10-04,listed,Wegovy injection,Wegovy injection,1mg,Pharmica,9012030,,139.99,,,
2026-10-04T13:12:05Z,2026-10-04,listed,Wegovy injection,Wegovy injection,2.4mg,Pharmica,9012030,,249.99,,,
2026-10-04T13:12:05Z,2026-10-04,listed,Wegovy injection,Wegovy injection,0.25mg,Pharmulous,9012252,,109.99,,,
2026-10-04T13:12:05Z,2026-10-04,listed,Wegovy injection,Wegovy injection,0.5mg,Pharmulous,9012252,,114.99,,,
2026-10-04T13:12:05Z,2026-10-04,listed,Wegovy injection,Wegovy injection,1.7mg,Pharmulous,9012252,,159.99,,,
2026-10-04T13:12:05Z,2026-10-04,listed,Wegovy injection,Wegovy injection,1mg,Pharmulous,9012252,,119.99,,,
2026-10-04T13:12:05Z,2026-10-04,listed,Wegovy injection,Wegovy injection,2.4mg,Pharmulous,9012252,,209.99,,,
2026-10-04T13:12:05Z,2026-10-04,listed,Wegovy injection,Wegovy injection,0.25mg,Phlo Clinic,9011171,,89.00,,,
2026-10-04T13:12:05Z,2026-10-04,listed,Wegovy injection,Wegovy injection,0.5mg,Phlo Clinic,9011171,,139.00,,,
2026-10-04T13:12:05Z,2026-10-04,listed,Wegovy injection,Wegovy injection,1.7mg,Phlo Clinic,9011171,,189.00,,,
2026-10-04T13:12:05Z,2026-10-04,listed,Wegovy injection,Wegovy injection,1mg,Phlo Clinic,9011171,,169.00,,,
2026-10-04T13:12:05Z,2026-10-04,listed,Wegovy injection,Wegovy injection,2.4mg,Phlo Clinic,9011171,,199.00,,,
2026-10-04T13:12:05Z,2026-10-04,listed,Wegovy injection,Wegovy injection,7.2mg,Phlo Clinic,9011171,,279.00,,,
2026-10-04T13:12:05Z,2026-10-04,listed,Wegovy injection,Wegovy injection,0.25mg,Pills2U,9012634,,94.99,,,MedEazy
2026-10-04T13:12:05Z,2026-10-04,listed,Wegovy injection,Wegovy injection,0.5mg,Pills2U,9012634,,94.99,,,MedEazy
2026-10-04T13:12:05Z,2026-10-04,listed,Wegovy injection,Wegovy injection,1.7mg,Pills2U,9012634,,154.99,,,MedEazy
2026-10-04T13:12:05Z,2026-10-04,listed,Wegovy injection,Wegovy injection,1mg,Pills2U,9012634,,94.99,,,MedEazy
2026-10-04T13:12:05Z,2026-10-04,listed,Wegovy injection,Wegovy injection,2.4mg,Pills2U,9012634,,209.99,,,MedEazy
2026-10-04T13:12:05Z,2026-10-04,listed,Wegovy injection,Wegovy injection,7.2mg,Pills2U,9012634,,234.99,,,MedEazy
2026-10-04T13:12:05Z,2026-10-04,listed,Wegovy injection,Wegovy injection,0.25mg,Pillsorted,9011258,,91.00,,,
2026-10-04T13:12:05Z,2026-10-04,listed,Wegovy injection,Wegovy injection,0.5mg,Pillsorted,9011258,,98.00,,,
2026-10-04T13:12:05Z,2026-10-04,listed,Wegovy injection,Wegovy injection,1.7mg,Pillsorted,9011258,,155.00,,,
2026-10-04T13:12:05Z,2026-10-04,listed,Wegovy injection,Wegovy injection,1mg,Pillsorted,9011258,,108.00,,,
2026-10-04T13:12:05Z,2026-10-04,listed,Wegovy injection,Wegovy injection,2.4mg,Pillsorted,9011258,,185.00,,,
2026-10-04T13:12:05Z,2026-10-04,listed,Wegovy injection,Wegovy injection,0.25mg,Private Doc,1107567,,97.00,,,
2026-10-04T13:12:05Z,2026-10-04,listed,Wegovy injection,Wegovy injection,0.5mg,Private Doc,1107567,,137.00,,,
2026-10-04T13:12:05Z,2026-10-04,listed,Wegovy injection,Wegovy injection,1.7mg,Private Doc,1107567,,187.00,,,
2026-10-04T13:12:05Z,2026-10-04,listed,Wegovy injection,Wegovy injection,1mg,Private Doc,1107567,,147.00,,,
2026-10-04T13:12:05Z,2026-10-04,listed,Wegovy injection,Wegovy injection,2.4mg,Private Doc,1107567,,227.00,,,
2026-10-04T13:12:05Z,2026-10-04,listed,Wegovy injection,Wegovy injection,7.2mg,Private Doc,1107567,,297.00,,,
2026-10-04T13:12:05Z,2026-10-04,listed,Wegovy injection,Wegovy injection,0.25mg,Quick Meds,9012521,,114.95,,,
2026-10-04T13:12:05Z,2026-10-04,listed,Wegovy injection,Wegovy injection,0.5mg,Quick Meds,9012521,,119.95,,,
2026-10-04T13:12:05Z,2026-10-04,listed,Wegovy injection,Wegovy injection,1.7mg,Quick Meds,9012521,,159.95,,,
2026-10-04T13:12:05Z,2026-10-04,listed,Wegovy injection,Wegovy injection,1mg,Quick Meds,9012521,,129.95,,,
2026-10-04T13:12:05Z,2026-10-04,listed,Wegovy injection,Wegovy injection,2.4mg,Quick Meds,9012521,,189.95,,,
2026-10-04T13:12:05Z,2026-10-04,listed,Wegovy injection,Wegovy injection,7.2mg,Quick Meds,9012521,,249.95,,,
2026-10-04T13:12:05Z,2026-10-04,listed,Wegovy injection,Wegovy injection,0.25mg,Rightangled Pharmacy,9011933,,99.99,,,
2026-10-04T13:12:05Z,2026-10-04,listed,Wegovy injection,Wegovy injection,0.5mg,Rightangled Pharmacy,9011933,,119.99,,,
2026-10-04T13:12:05Z,2026-10-04,listed,Wegovy injection,Wegovy injection,1.7mg,Rightangled Pharmacy,9011933,,179.99,,,
2026-10-04T13:12:05Z,2026-10-04,listed,Wegovy injection,Wegovy injection,1mg,Rightangled Pharmacy,9011933,,129.99,,,
2026-10-04T13:12:05Z,2026-10-04,listed,Wegovy injection,Wegovy injection,2.4mg,Rightangled Pharmacy,9011933,,229.99,,,
2026-10-04T13:12:05Z,2026-10-04,listed,Wegovy injection,Wegovy injection,0.25mg,Second Nature,9010938,,99.00,,,
2026-10-04T13:12:05Z,2026-10-04,listed,Wegovy injection,Wegovy injection,0.5mg,Second Nature,9010938,,129.00,,,
2026-10-04T13:12:05Z,2026-10-04,listed,Wegovy injection,Wegovy injection,1.7mg,Second Nature,9010938,,179.00,,,
2026-10-04T13:12:05Z,2026-10-04,listed,Wegovy injection,Wegovy injection,1mg,Second Nature,9010938,,149.00,,,
2026-10-04T13:12:05Z,2026-10-04,listed,Wegovy injection,Wegovy injection,2.4mg,Second Nature,9010938,,199.00,,,
2026-10-04T13:12:05Z,2026-10-04,listed,Wegovy injection,Wegovy injection,7.2mg,Second Nature,9010938,,279.00,,,
2026-10-04T13:12:05Z,2026-10-04,listed,Wegovy injection,Wegovy injection,0.25mg,SheMed,9012578,,79.00,,,
2026-10-04T13:12:05Z,2026-10-04,listed,Wegovy injection,Wegovy injection,0.5mg,SheMed,9012578,,139.00,,,
2026-10-04T13:12:05Z,2026-10-04,listed,Wegovy injection,Wegovy injection,1.7mg,SheMed,9012578,,159.00,,,
2026-10-04T13:12:05Z,2026-10-04,listed,Wegovy injection,Wegovy injection,1mg,SheMed,9012578,,139.00,,,
2026-10-04T13:12:05Z,2026-10-04,listed,Wegovy injection,Wegovy injection,2.4mg,SheMed,9012578,,159.00,,,
2026-10-04T13:12:05Z,2026-10-04,listed,Wegovy injection,Wegovy injection,7.2mg,SheMed,9012578,,239.00,,,
2026-10-04T13:12:05Z,2026-10-04,listed,Wegovy injection,Wegovy injection,0.25mg,Simple Online Pharmacy,9011287,,99.00,,,
2026-10-04T13:12:05Z,2026-10-04,listed,Wegovy injection,Wegovy injection,0.5mg,Simple Online Pharmacy,9011287,,119.00,,,
2026-10-04T13:12:05Z,2026-10-04,listed,Wegovy injection,Wegovy injection,1.7mg,Simple Online Pharmacy,9011287,,169.00,,,
2026-10-04T13:12:05Z,2026-10-04,listed,Wegovy injection,Wegovy injection,1mg,Simple Online Pharmacy,9011287,,125.00,,,
2026-10-04T13:12:05Z,2026-10-04,listed,Wegovy injection,Wegovy injection,2.4mg,Simple Online Pharmacy,9011287,,189.00,,,
2026-10-04T13:12:05Z,2026-10-04,listed,Wegovy injection,Wegovy injection,7.2mg,Simple Online Pharmacy,9011287,,329.00,,,
2026-10-04T13:12:05Z,2026-10-04,listed,Wegovy injection,Wegovy injection,0.25mg,Simply Meds Online,9010764,,99.99,,,
2026-10-04T13:12:05Z,2026-10-04,listed,Wegovy injection,Wegovy injection,0.5mg,Simply Meds Online,9010764,,109.99,,,
2026-10-04T13:12:05Z,2026-10-04,listed,Wegovy injection,Wegovy injection,1.7mg,Simply Meds Online,9010764,,169.99,,,
2026-10-04T13:12:05Z,2026-10-04,listed,Wegovy injection,Wegovy injection,1mg,Simply Meds Online,9010764,,129.99,,,
2026-10-04T13:12:05Z,2026-10-04,listed,Wegovy injection,Wegovy injection,2.4mg,Simply Meds Online,9010764,,189.99,,,
2026-10-04T13:12:05Z,2026-10-04,listed,Wegovy injection,Wegovy injection,0.25mg,Superdrug,9010736,,99.00,,,
2026-10-04T13:12:05Z,2026-10-04,listed,Wegovy injection,Wegovy injection,0.5mg,Superdrug,9010736,,119.00,,,
2026-10-04T13:12:05Z,2026-10-04,listed,Wegovy injection,Wegovy injection,1.7mg,Superdrug,9010736,,192.00,,,
2026-10-04T13:12:05Z,2026-10-04,listed,Wegovy injection,Wegovy injection,1mg,Superdrug,9010736,,166.00,,,
2026-10-04T13:12:05Z,2026-10-04,listed,Wegovy injection,Wegovy injection,2.4mg,Superdrug,9010736,,205.00,,,
2026-10-04T13:12:05Z,2026-10-04,listed,Wegovy injection,Wegovy injection,7.2mg,Superdrug,9010736,,285.00,,,
2026-10-04T13:12:05Z,2026-10-04,listed,Wegovy injection,Wegovy injection,0.25mg,Swift Doctor,9012809,,99.00,,,SWIFTD5 and SWIFTD10
2026-10-04T13:12:05Z,2026-10-04,listed,Wegovy injection,Wegovy injection,0.5mg,Swift Doctor,9012809,,99.00,,,SWIFTD5 and SWIFTD10
2026-10-04T13:12:05Z,2026-10-04,listed,Wegovy injection,Wegovy injection,1.7mg,Swift Doctor,9012809,,130.00,,,SWIFTD5 and SWIFTD10
2026-10-04T13:12:05Z,2026-10-04,listed,Wegovy injection,Wegovy injection,1mg,Swift Doctor,9012809,,99.00,,,SWIFTD5 and SWIFTD10
2026-10-04T13:12:05Z,2026-10-04,listed,Wegovy injection,Wegovy injection,2.4mg,Swift Doctor,9012809,,150.00,,,SWIFTD5 and SWIFTD10
2026-10-04T13:12:05Z,2026-10-04,listed,Wegovy injection,Wegovy injection,7.2mg,Swift Doctor,9012809,,240.00,,,SWIFTD5 and SWIFTD10
2026-10-04T13:12:05Z,2026-10-04,listed,Wegovy injection,Wegovy injection,0.25mg,The Care Pharmacy,9010308,,99.99,,,TCP10
2026-10-04T13:12:05Z,2026-10-04,listed,Wegovy injection,Wegovy injection,0.5mg,The Care Pharmacy,9010308,,129.99,,,TCP10
2026-10-04T13:12:05Z,2026-10-04,listed,Wegovy injection,Wegovy injection,1.7mg,The Care Pharmacy,9010308,,179.99,,,TCP10
2026-10-04T13:12:05Z,2026-10-04,listed,Wegovy injection,Wegovy injection,1mg,The Care Pharmacy,9010308,,129.99,,,TCP10
2026-10-04T13:12:05Z,2026-10-04,listed,Wegovy injection,Wegovy injection,2.4mg,The Care Pharmacy,9010308,,229.99,,,TCP10
2026-10-04T13:12:05Z,2026-10-04,listed,Wegovy injection,Wegovy injection,0.25mg,The Family Chemist,9012318,,99.99,,,
2026-10-04T13:12:05Z,2026-10-04,listed,Wegovy injection,Wegovy injection,0.5mg,The Family Chemist,9012318,,119.99,,,
2026-10-04T13:12:05Z,2026-10-04,listed,Wegovy injection,Wegovy injection,1.7mg,The Family Chemist,9012318,,168.99,,,
2026-10-04T13:12:05Z,2026-10-04,listed,Wegovy injection,Wegovy injection,1mg,The Family Chemist,9012318,,124.99,,,
2026-10-04T13:12:05Z,2026-10-04,listed,Wegovy injection,Wegovy injection,2.4mg,The Family Chemist,9012318,,188.99,,,
2026-10-04T13:12:05Z,2026-10-04,listed,Wegovy injection,Wegovy injection,7.2mg,The Family Chemist,9012318,,279.99,,,
2026-10-04T13:12:05Z,2026-10-04,listed,Wegovy injection,Wegovy injection,0.25mg,The Independent Pharmacy,9012559,,104.99,,,
2026-10-04T13:12:05Z,2026-10-04,listed,Wegovy injection,Wegovy injection,0.5mg,The Independent Pharmacy,9012559,,129.99,,,
2026-10-04T13:12:05Z,2026-10-04,listed,Wegovy injection,Wegovy injection,1.7mg,The Independent Pharmacy,9012559,,169.99,,,
2026-10-04T13:12:05Z,2026-10-04,listed,Wegovy injection,Wegovy injection,1mg,The Independent Pharmacy,9012559,,144.99,,,
2026-10-04T13:12:05Z,2026-10-04,listed,Wegovy injection,Wegovy injection,2.4mg,The Independent Pharmacy,9012559,,189.99,,,
2026-10-04T13:12:05Z,2026-10-04,listed,Wegovy injection,Wegovy injection,7.2mg,The Independent Pharmacy,9012559,,289.99,,,
2026-10-04T13:12:05Z,2026-10-04,listed,Wegovy injection,Wegovy injection,0.25mg,Treated,9010946,,169.95,,,
2026-10-04T13:12:05Z,2026-10-04,listed,Wegovy injection,Wegovy injection,0.5mg,Treated,9010946,,169.95,,,
2026-10-04T13:12:05Z,2026-10-04,listed,Wegovy injection,Wegovy injection,1.7mg,Treated,9010946,,249.95,,,
2026-10-04T13:12:05Z,2026-10-04,listed,Wegovy injection,Wegovy injection,1mg,Treated,9010946,,169.95,,,
2026-10-04T13:12:05Z,2026-10-04,listed,Wegovy injection,Wegovy injection,2.4mg,Treated,9010946,,339.95,,,
2026-10-04T13:12:05Z,2026-10-04,listed,Wegovy injection,Wegovy injection,0.25mg,Tribelle,9012688,,106.00,,,
2026-10-04T13:12:05Z,2026-10-04,listed,Wegovy injection,Wegovy injection,0.5mg,Tribelle,9012688,,106.00,,,
2026-10-04T13:12:05Z,2026-10-04,listed,Wegovy injection,Wegovy injection,1.7mg,Tribelle,9012688,,155.00,,,
2026-10-04T13:12:05Z,2026-10-04,listed,Wegovy injection,Wegovy injection,1mg,Tribelle,9012688,,111.00,,,
2026-10-04T13:12:05Z,2026-10-04,listed,Wegovy injection,Wegovy injection,2.4mg,Tribelle,9012688,,209.00,,,
2026-10-04T13:12:05Z,2026-10-04,listed,Wegovy injection,Wegovy injection,7.2mg,Tribelle,9012688,,565.00,,,
2026-10-04T13:12:05Z,2026-10-04,listed,Wegovy injection,Wegovy injection,0.25mg,Trim,9012710,,99.00,,,Click Visit for £30 off
2026-10-04T13:12:05Z,2026-10-04,listed,Wegovy injection,Wegovy injection,0.5mg,Trim,9012710,,135.00,,,Click Visit for £30 off
2026-10-04T13:12:05Z,2026-10-04,listed,Wegovy injection,Wegovy injection,1.7mg,Trim,9012710,,195.00,,,Click Visit for £30 off
2026-10-04T13:12:05Z,2026-10-04,listed,Wegovy injection,Wegovy injection,1mg,Trim,9012710,,155.00,,,Click Visit for £30 off
2026-10-04T13:12:05Z,2026-10-04,listed,Wegovy injection,Wegovy injection,2.4mg,Trim,9012710,,225.00,,,Click Visit for £30 off
2026-10-04T13:12:05Z,2026-10-04,listed,Wegovy injection,Wegovy injection,0.25mg,Voy,9012134,,144.00,,,
2026-10-04T13:12:05Z,2026-10-04,listed,Wegovy injection,Wegovy injection,0.5mg,Voy,9012134,,169.00,,,
2026-10-04T13:12:05Z,2026-10-04,listed,Wegovy injection,Wegovy injection,1.7mg,Voy,9012134,,219.00,,,
2026-10-04T13:12:05Z,2026-10-04,listed,Wegovy injection,Wegovy injection,1mg,Voy,9012134,,189.00,,,
2026-10-04T13:12:05Z,2026-10-04,listed,Wegovy injection,Wegovy injection,2.4mg,Voy,9012134,,239.00,,,
2026-10-04T13:12:05Z,2026-10-04,listed,Wegovy injection,Wegovy injection,7.2mg,Voy,9012134,,409.00,,,
2026-10-04T13:12:05Z,2026-10-04,listed,Wegovy injection,Wegovy injection,0.25mg,Webmed Pharmacy,9011118,,149.00,,,
2026-10-04T13:12:05Z,2026-10-04,listed,Wegovy injection,Wegovy injection,0.5mg,Webmed Pharmacy,9011118,,152.00,,,
2026-10-04T13:12:05Z,2026-10-04,listed,Wegovy injection,Wegovy injection,1.7mg,Webmed Pharmacy,9011118,,222.00,,,
2026-10-04T13:12:05Z,2026-10-04,listed,Wegovy injection,Wegovy injection,1mg,Webmed Pharmacy,9011118,,152.00,,,
2026-10-04T13:12:05Z,2026-10-04,listed,Wegovy injection,Wegovy injection,2.4mg,Webmed Pharmacy,9011118,,260.00,,,
2026-10-04T13:12:05Z,2026-10-04,listed,Wegovy injection,Wegovy injection,0.25mg,Weprescribe,9012132,,114.99,,,
2026-10-04T13:12:05Z,2026-10-04,listed,Wegovy injection,Wegovy injection,0.5mg,Weprescribe,9012132,,119.99,,,
2026-10-04T13:12:05Z,2026-10-04,listed,Wegovy injection,Wegovy injection,1.7mg,Weprescribe,9012132,,174.99,,,
2026-10-04T13:12:05Z,2026-10-04,listed,Wegovy injection,Wegovy injection,1mg,Weprescribe,9012132,,139.99,,,
2026-10-04T13:12:05Z,2026-10-04,listed,Wegovy injection,Wegovy injection,2.4mg,Weprescribe,9012132,,239.99,,,
2026-10-04T13:12:05Z,2026-10-04,listed,Wegovy injection,Wegovy injection,0.25mg,YourDose Pharmacy,9013045,,99.00,,,YD10
2026-10-04T13:12:05Z,2026-10-04,listed,Wegovy injection,Wegovy injection,0.5mg,YourDose Pharmacy,9013045,,109.00,,,YD10
2026-10-04T13:12:05Z,2026-10-04,listed,Wegovy injection,Wegovy injection,1.7mg,YourDose Pharmacy,9013045,,159.00,,,YD10
2026-10-04T13:12:05Z,2026-10-04,listed,Wegovy injection,Wegovy injection,1mg,YourDose Pharmacy,9013045,,118.00,,,YD10
2026-10-04T13:12:05Z,2026-10-04,listed,Wegovy injection,Wegovy injection,2.4mg,YourDose Pharmacy,9013045,,205.00,,,YD10
2026-10-04T13:12:05Z,2026-10-04,listed,Wegovy injection,Wegovy injection,0.25mg,Yourpharmacy,9012029,,129.00,,,
2026-10-04T13:12:05Z,2026-10-04,listed,Wegovy injection,Wegovy injection,0.5mg,Yourpharmacy,9012029,,138.00,,,
2026-10-04T13:12:05Z,2026-10-04,listed,Wegovy injection,Wegovy injection,1.7mg,Yourpharmacy,9012029,,179.00,,,
2026-10-04T13:12:05Z,2026-10-04,listed,Wegovy injection,Wegovy injection,1mg,Yourpharmacy,9012029,,149.00,,,
2026-10-04T13:12:05Z,2026-10-04,listed,Wegovy injection,Wegovy injection,2.4mg,Yourpharmacy,9012029,,215.00,,,
2026-10-04T13:12:05Z,2026-10-04,listed,Wegovy injection,Wegovy injection,0.25mg,Zava,9012701,,99.00,,,
2026-10-04T13:12:05Z,2026-10-04,listed,Wegovy injection,Wegovy injection,0.5mg,Zava,9012701,,119.99,,,
2026-10-04T13:12:05Z,2026-10-04,listed,Wegovy injection,Wegovy injection,1.7mg,Zava,9012701,,168.99,,,
2026-10-04T13:12:05Z,2026-10-04,listed,Wegovy injection,Wegovy injection,1mg,Zava,9012701,,149.99,,,
2026-10-04T13:12:05Z,2026-10-04,listed,Wegovy injection,Wegovy injection,2.4mg,Zava,9012701,,189.99,,,
2026-10-04T13:12:05Z,2026-10-04,listed,Wegovy injection,Wegovy injection,7.2mg,Zava,9012701,,259.99,,,
2026-10-04T13:12:05Z,2026-10-04,listed,Wegovy injection,Wegovy injection,0.25mg,health express,9011703,,169.00,,,
2026-10-04T13:12:05Z,2026-10-04,listed,Wegovy injection,Wegovy injection,0.5mg,health express,9011703,,169.00,,,
2026-10-04T13:12:05Z,2026-10-04,listed,Wegovy injection,Wegovy injection,1.7mg,health express,9011703,,224.00,,,
2026-10-04T13:12:05Z,2026-10-04,listed,Wegovy injection,Wegovy injection,1mg,health express,9011703,,169.00,,,
2026-10-04T13:12:05Z,2026-10-04,listed,Wegovy injection,Wegovy injection,2.4mg,health express,9011703,,269.00,,,
2026-10-04T13:12:05Z,2026-10-04,listed,Wegovy injection,Wegovy injection,7.2mg,health express,9011703,,339.00,,,
2026-10-06T20:35:02Z,2026-10-06,price_change,Mounjaro,Mounjaro,10mg,Lotus Weight Loss,9011284,206.00,201.00,-5.00,-2.4,LWSAVE40
2026-10-06T20:35:02Z,2026-10-06,price_change,Mounjaro,Mounjaro,12.5mg,Lotus Weight Loss,9011284,228.00,223.00,-5.00,-2.2,LWSAVE40
2026-10-06T20:35:02Z,2026-10-06,price_change,Mounjaro,Mounjaro,15mg,Lotus Weight Loss,9011284,244.00,239.00,-5.00,-2.0,LWSAVE40
2026-10-06T20:35:02Z,2026-10-06,price_change,Mounjaro,Mounjaro,2.5mg,Lotus Weight Loss,9011284,114.00,109.00,-5.00,-4.4,LWSAVE40
2026-10-06T20:35:02Z,2026-10-06,price_change,Mounjaro,Mounjaro,5mg,Lotus Weight Loss,9011284,128.00,123.00,-5.00,-3.9,LWSAVE40
2026-10-06T20:35:02Z,2026-10-06,price_change,Mounjaro,Mounjaro,7.5mg,Lotus Weight Loss,9011284,181.00,176.00,-5.00,-2.8,LWSAVE40
2026-10-06T20:35:02Z,2026-10-06,price_change,Wegovy pill,Wegovy pill,1.5mg,Lotus Weight Loss,9011284,79.00,74.00,-5.00,-6.3,LWSAVE40
2026-10-06T20:35:02Z,2026-10-06,price_change,Wegovy pill,Wegovy pill,25mg,Lotus Weight Loss,9011284,149.00,144.00,-5.00,-3.4,LWSAVE40
2026-10-06T20:35:02Z,2026-10-06,price_change,Wegovy pill,Wegovy pill,4mg,Lotus Weight Loss,9011284,89.00,84.00,-5.00,-5.6,LWSAVE40
2026-10-06T20:35:02Z,2026-10-06,price_change,Wegovy pill,Wegovy pill,9mg,Lotus Weight Loss,9011284,105.00,101.00,-4.00,-3.8,LWSAVE40
2026-10-06T20:35:02Z,2026-10-06,price_change,Wegovy injection,Wegovy injection,0.25mg,Lotus Weight Loss,9011284,59.00,54.00,-5.00,-8.5,LWSAVE40
2026-10-06T20:35:02Z,2026-10-06,price_change,Wegovy injection,Wegovy injection,0.5mg,Lotus Weight Loss,9011284,80.00,75.00,-5.00,-6.2,LWSAVE40
2026-10-06T20:35:02Z,2026-10-06,price_change,Wegovy injection,Wegovy injection,1.7mg,Lotus Weight Loss,9011284,101.00,96.00,-5.00,-5.0,LWSAVE40
2026-10-06T20:35:02Z,2026-10-06,price_change,Wegovy injection,Wegovy injection,1mg,Lotus Weight Loss,9011284,80.00,75.00,-5.00,-6.2,LWSAVE40
2026-10-06T20:35:02Z,2026-10-06,price_change,Wegovy injection,Wegovy injection,2.4mg,Lotus Weight Loss,9011284,121.00,116.00,-5.00,-4.1,LWSAVE40
2026-10-06T20:35:02Z,2026-10-06,price_change,Wegovy injection,Wegovy injection,7.2mg,Lotus Weight Loss,9011284,181.00,176.00,-5.00,-2.8,LWSAVE40
