treatment,active_ingredient,form,product,dose,pharmacy,gphc_number,pharmacy_website,price_gbp,price_since,discount_code,discount_detail
Mounjaro,tirzepatide,weekly injection,Mounjaro,2.5mg,Medicine Market place,1116946,medicinemarketplace.com,99.00,2026-10-04,,
Mounjaro,tirzepatide,weekly injection,Mounjaro,2.5mg,New Health,9011199,new.co.uk,99.00,2026-10-04,,
Mounjaro,tirzepatide,weekly injection,Mounjaro,2.5mg,Lotus Weight Loss,9011284,lotusweightloss.co.uk,109.00,2026-10-06,LWSAVE40,for £45 off all doses for new customers
Mounjaro,tirzepatide,weekly injection,Mounjaro,2.5mg,Farmeci,9011790,farmeci.com,118.90,2026-10-04,MEDFARM10,18% off New Customers Only
Mounjaro,tirzepatide,weekly injection,Mounjaro,2.5mg,My London Pharmacy,9012851,mylondonpharmacy.co.uk,118.90,2026-10-04,MEDMLP10,18% off New Customers Only
Mounjaro,tirzepatide,weekly injection,Mounjaro,2.5mg,Assured Pharmacy,1121967,assuredpharmacy.co.uk,119.95,2026-10-04,,
Mounjaro,tirzepatide,weekly injection,Mounjaro,2.5mg,E-Surgery,9012167,e-surgery.com,119.95,2026-10-04,Click the Pharmacy name for up to 22% off,Up to 22% off
Mounjaro,tirzepatide,weekly injection,Mounjaro,2.5mg,Pharmacy Planet,9010288,pharmacyplanet.com,128.00,2026-10-04,,
Mounjaro,tirzepatide,weekly injection,Mounjaro,2.5mg,Oushk,9012610,oushkpharmacy.com,129.00,2026-10-04,EAZY40 and EAZY15,"£40 off New Customers, £15 off Returning"
Mounjaro,tirzepatide,weekly injection,Mounjaro,2.5mg,YourDose Pharmacy,9013045,yourdosepharmacy.co.uk,133.00,2026-10-04,YD10,£10 off with free delivery for new customers
Mounjaro,tirzepatide,weekly injection,Mounjaro,2.5mg,Cuva Health,9012581,cuvahealth.co.uk,133.99,2026-10-04,MED6,£6 Off for New Customers Only
Mounjaro,tirzepatide,weekly injection,Mounjaro,2.5mg,Fylde Clinic,9012835,fyldeclinic.co.uk,134.00,2026-10-04,,
Mounjaro,tirzepatide,weekly injection,Mounjaro,2.5mg,Yourpharmacy,9012029,yourpharmacy.uk,134.40,2026-10-04,MED20,20% Off
Mounjaro,tirzepatide,weekly injection,Mounjaro,2.5mg,Trim,9012710,gettrim.co.uk,135.00,2026-10-04,Click on pharmacy name for £30 off,£30 Off New Customers Only
Mounjaro,tirzepatide,weekly injection,Mounjaro,2.5mg,Pills2U,9012634,pills2u.co.uk,135.99,2026-10-04,MedEazy,£10 off first orders and free delivery
Mounjaro,tirzepatide,weekly injection,Mounjaro,2.5mg,AYP Healthcare,9011523,ayp.healthcare,137.99,2026-10-04,,
Mounjaro,tirzepatide,weekly injection,Mounjaro,2.5mg,Live Well Weight Loss,9012516,livewellweightloss.co.uk,139.00,2026-10-04,FIRST5,£5 off for all customers
Mounjaro,tirzepatide,weekly injection,Mounjaro,2.5mg,Swift Doctor,9012809,swift-doctor.com,139.00,2026-10-04,SWIFTD5 and SWIFTD10,Spend £99 for £5 off or £149 for £10 off
Mounjaro,tirzepatide,weekly injection,Mounjaro,2.5mg,Curely,9012401,curely.co.uk,139.59,2026-10-04,,
Mounjaro,tirzepatide,weekly injection,Mounjaro,2.5mg,Happy Pharmacy,9012585,happypharmacy.co.uk,139.99,2026-10-04,,
Mounjaro,tirzepatide,weekly injection,Mounjaro,2.5mg,The Care Pharmacy,9010308,thecarepharmacy.com,139.99,2026-10-04,TCP10,£10 Off
Mounjaro,tirzepatide,weekly injection,Mounjaro,2.5mg,Pharmalogic Chemist,1103968,pharmalogic.co.uk,142.50,2026-10-04,,
Mounjaro,tirzepatide,weekly injection,Mounjaro,2.5mg,Oxford Online Pharmacy,9012205,oxfordonlinepharmacy.co.uk,143.96,2026-10-04,,
Mounjaro,tirzepatide,weekly injection,Mounjaro,2.5mg,Pharmacy Advance,9012423,pharmacyadvance.co.uk,144.99,2026-10-04,,
Mounjaro,tirzepatide,weekly injection,Mounjaro,2.5mg,Pharmacy Express,9012468,pharmacy-express.co.uk,144.99,2026-10-04,,
Mounjaro,tirzepatide,weekly injection,Mounjaro,2.5mg,Pharmulous,9012252,pharmulous.co.uk,144.99,2026-10-04,,
Mounjaro,tirzepatide,weekly injection,Mounjaro,2.5mg,Cured Pharmacy,9012511,curedpharmacy.com,145.00,2026-10-04,,
Mounjaro,tirzepatide,weekly injection,Mounjaro,2.5mg,Pharmacy Online,9011378,pharmacyonline.co.uk,145.00,2026-10-04,,
Mounjaro,tirzepatide,weekly injection,Mounjaro,2.5mg,Tribelle,9012688,tribelle.co.uk,145.00,2026-10-04,,
Mounjaro,tirzepatide,weekly injection,Mounjaro,2.5mg,Click 2 Pharmacy,1033781,click2pharmacy.co.uk,145.99,2026-10-04,,
Mounjaro,tirzepatide,weekly injection,Mounjaro,2.5mg,Medino,9011921,medino.com,147.99,2026-10-04,,
Mounjaro,tirzepatide,weekly injection,Mounjaro,2.5mg,Chemist4U,9011784,chemist-4-u.com,148.00,2026-10-04,,
Mounjaro,tirzepatide,weekly injection,Mounjaro,2.5mg,Asda,1116105,onlinedoctor.asda.com,148.97,2026-10-04,,
Mounjaro,tirzepatide,weekly injection,Mounjaro,2.5mg,Fella,9013085,fellahealth.com,149.00,2026-10-04,,
Mounjaro,tirzepatide,weekly injection,Mounjaro,2.5mg,Get A Drip,9012347,getadrip.shop,149.00,2026-10-04,,
Mounjaro,tirzepatide,weekly injection,Mounjaro,2.5mg,Ashcroft Pharmacy,9012896,ashcroftpharmacy.co.uk,149.99,2026-10-04,,
Mounjaro,tirzepatide,weekly injection,Mounjaro,2.5mg,SheMed,9012578,shemed.co.uk,154.00,2026-10-04,,
Mounjaro,tirzepatide,weekly injection,Mounjaro,2.5mg,Peak Pharmacy,9012214,peakpharmacy.co.uk,157.00,2026-10-04,,
Mounjaro,tirzepatide,weekly injection,Mounjaro,2.5mg,Pillsorted,9011258,pillsorted.com,159.00,2026-10-04,,
Mounjaro,tirzepatide,weekly injection,Mounjaro,2.5mg,Pharmica,9012030,pharmica.co.uk,159.99,2026-10-04,,
Mounjaro,tirzepatide,weekly injection,Mounjaro,2.5mg,Cloud Pharmacy,9012073,cloudpharmacy.co.uk,164.99,2026-10-04,,
Mounjaro,tirzepatide,weekly injection,Mounjaro,2.5mg,Rightangled Pharmacy,9011933,rightangled.com,164.99,2026-10-04,,
Mounjaro,tirzepatide,weekly injection,Mounjaro,2.5mg,The Family Chemist,9012915,thefamilychemist.co.uk,164.99,2026-10-04,,
Mounjaro,tirzepatide,weekly injection,Mounjaro,2.5mg,Weprescribe,9012132,weprescribe.co.uk,164.99,2026-10-04,,
Mounjaro,tirzepatide,weekly injection,Mounjaro,2.5mg,Private Doc,1107567,privatedoc.com,167.00,2026-10-04,,
Mounjaro,tirzepatide,weekly injection,Mounjaro,2.5mg,Bolt Pharmacy,9013085,boltpharmacy.co.uk,169.00,2026-10-04,,
Mounjaro,tirzepatide,weekly injection,Mounjaro,2.5mg,MYBMI,9011784,my-bmi.co.uk,169.00,2026-10-04,,
Mounjaro,tirzepatide,weekly injection,Mounjaro,2.5mg,Morrisons Clinic,9011171,clinic.morrisons.com,169.00,2026-10-04,,
Mounjaro,tirzepatide,weekly injection,Mounjaro,2.5mg,Phlo Clinic,9011171,phloclinic.co.uk,169.00,2026-10-04,,
Mounjaro,tirzepatide,weekly injection,Mounjaro,2.5mg,Simple Online Pharmacy,9011287,simpleonlinepharmacy.co.uk,169.00,2026-10-04,,
Mounjaro,tirzepatide,weekly injection,Mounjaro,2.5mg,Quick Meds,9012521,quickmeds.co.uk,169.95,2026-10-04,,
Mounjaro,tirzepatide,weekly injection,Mounjaro,2.5mg,Click Pharmacy,9011460,clickpharmacy.co.uk,169.99,2026-10-04,,
Mounjaro,tirzepatide,weekly injection,Mounjaro,2.5mg,Pharmacy2U,9010146,pharmacy2u.co.uk,169.99,2026-10-04,,
Mounjaro,tirzepatide,weekly injection,Mounjaro,2.5mg,Zava,9012701,zavamed.com,169.99,2026-10-04,,
Mounjaro,tirzepatide,weekly injection,Mounjaro,2.5mg,Webmed Pharmacy,9011118,webmedpharmacy.co.uk,170.00,2026-10-04,,
Mounjaro,tirzepatide,weekly injection,Mounjaro,2.5mg,IQ Doctor,9010411,iqdoctor.co.uk,174.99,2026-10-04,,
Mounjaro,tirzepatide,weekly injection,Mounjaro,2.5mg,Boots Online Doctor,1030075,onlinedoctor.boots.com,179.00,2026-10-04,,
Mounjaro,tirzepatide,weekly injection,Mounjaro,2.5mg,Second Nature,9010938,secondnature.io,179.00,2026-10-04,,
Mounjaro,tirzepatide,weekly injection,Mounjaro,2.5mg,Superdrug,9010736,onlinedoctor.superdrug.com,179.00,2026-10-04,,
Mounjaro,tirzepatide,weekly injection,Mounjaro,2.5mg,Lloyds Pharmacy,9011437,onlinedoctor.lloydspharmacy.com,179.99,2026-10-04,,
Mounjaro,tirzepatide,weekly injection,Mounjaro,2.5mg,Medexpress,9012633,medexpress.co.uk,179.99,2026-10-04,,
Mounjaro,tirzepatide,weekly injection,Mounjaro,2.5mg,Simply Meds Online,9010764,simplymedsonline.co.uk,179.99,2026-10-04,,
Mounjaro,tirzepatide,weekly injection,Mounjaro,2.5mg,The Independent Pharmacy,9012559,theindependentpharmacy.co.uk,179.99,2026-10-04,,
Mounjaro,tirzepatide,weekly injection,Mounjaro,2.5mg,health express,9011703,healthexpress.co.uk,179.99,2026-10-04,,
Mounjaro,tirzepatide,weekly injection,Mounjaro,2.5mg,Chequp,9012707,chequp.com,189.00,2026-10-04,,
Mounjaro,tirzepatide,weekly injection,Mounjaro,2.5mg,Curate,9012358,curatehealth.co.uk,189.00,2026-10-04,,
Mounjaro,tirzepatide,weekly injection,Mounjaro,2.5mg,MSH Weight Loss,9012599,mshweightloss.co.uk,189.00,2026-10-04,,
Mounjaro,tirzepatide,weekly injection,Mounjaro,2.5mg,Juniper,9011842,myjuniper.co.uk,199.00,2026-10-04,,
Mounjaro,tirzepatide,weekly injection,Mounjaro,2.5mg,Medicspot,9012559,medicspot.co.uk,199.00,2026-10-04,,
Mounjaro,tirzepatide,weekly injection,Mounjaro,2.5mg,Voy,9012134,joinvoy.com,214.00,2026-10-04,,
Mounjaro,tirzepatide,weekly injection,Mounjaro,2.5mg,Numan,9011408,numan.com,219.00,2026-10-04,,
Mounjaro,tirzepatide,weekly injection,Mounjaro,5mg,Lotus Weight Loss,9011284,lotusweightloss.co.uk,123.00,2026-10-06,LWSAVE40,for £45 off all doses for new customers
Mounjaro,tirzepatide,weekly injection,Mounjaro,5mg,New Health,9011199,new.co.uk,130.00,2026-10-04,,
Mounjaro,tirzepatide,weekly injection,Mounjaro,5mg,E-Surgery,9012167,e-surgery.com,139.95,2026-10-04,Click the Pharmacy name for up to 22% off,Up to 22% off
Mounjaro,tirzepatide,weekly injection,Mounjaro,5mg,Farmeci,9011790,farmeci.com,146.78,2026-10-04,MEDFARM10,18% off New Customers Only
Mounjaro,tirzepatide,weekly injection,Mounjaro,5mg,My London Pharmacy,9012851,mylondonpharmacy.co.uk,146.78,2026-10-04,MEDMLP10,18% off New Customers Only
Mounjaro,tirzepatide,weekly injection,Mounjaro,5mg,Oushk,9012610,oushkpharmacy.com,149.00,2026-10-04,EAZY40 and EAZY15,"£40 off New Customers, £15 off Returning"
Mounjaro,tirzepatide,weekly injection,Mounjaro,5mg,Yourpharmacy,9012029,yourpharmacy.uk,151.20,2026-10-04,MED20,20% Off
Mounjaro,tirzepatide,weekly injection,Mounjaro,5mg,Medicine Market place,1116946,medicinemarketplace.com,154.00,2026-10-04,,
Mounjaro,tirzepatide,weekly injection,Mounjaro,5mg,Pills2U,9012634,pills2u.co.uk,154.98,2026-10-04,MedEazy,£10 off first orders and free delivery
Mounjaro,tirzepatide,weekly injection,Mounjaro,5mg,Pharmacy Planet,9010288,pharmacyplanet.com,155.00,2026-10-04,,
Mounjaro,tirzepatide,weekly injection,Mounjaro,5mg,YourDose Pharmacy,9013045,yourdosepharmacy.co.uk,157.50,2026-10-04,YD10,£10 off with free delivery for new customers
Mounjaro,tirzepatide,weekly injection,Mounjaro,5mg,AYP Healthcare,9011523,ayp.healthcare,157.99,2026-10-04,,
Mounjaro,tirzepatide,weekly injection,Mounjaro,5mg,Pharmalogic Chemist,1103968,pharmalogic.co.uk,158.00,2026-10-04,,
Mounjaro,tirzepatide,weekly injection,Mounjaro,5mg,Swift Doctor,9012809,swift-doctor.com,159.00,2026-10-04,SWIFTD5 and SWIFTD10,Spend £99 for £5 off or £149 for £10 off
Mounjaro,tirzepatide,weekly injection,Mounjaro,5mg,Fylde Clinic,9012835,fyldeclinic.co.uk,160.00,2026-10-04,,
Mounjaro,tirzepatide,weekly injection,Mounjaro,5mg,Live Well Weight Loss,9012516,livewellweightloss.co.uk,164.00,2026-10-04,FIRST5,£5 off for all customers
Mounjaro,tirzepatide,weekly injection,Mounjaro,5mg,Ashcroft Pharmacy,9012896,ashcroftpharmacy.co.uk,164.99,2026-10-04,,
Mounjaro,tirzepatide,weekly injection,Mounjaro,5mg,Pharmacy Advance,9012423,pharmacyadvance.co.uk,164.99,2026-10-04,,
Mounjaro,tirzepatide,weekly injection,Mounjaro,5mg,Pharmacy Express,9012468,pharmacy-express.co.uk,164.99,2026-10-04,,
Mounjaro,tirzepatide,weekly injection,Mounjaro,5mg,Pharmulous,9012252,pharmulous.co.uk,164.99,2026-10-04,,
Mounjaro,tirzepatide,weekly injection,Mounjaro,5mg,Trim,9012710,gettrim.co.uk,165.00,2026-10-04,Click on pharmacy name for £30 off,£30 Off New Customers Only
Mounjaro,tirzepatide,weekly injection,Mounjaro,5mg,Tribelle,9012688,tribelle.co.uk,168.00,2026-10-04,,
Mounjaro,tirzepatide,weekly injection,Mounjaro,5mg,Get A Drip,9012347,getadrip.shop,169.00,2026-10-04,,
Mounjaro,tirzepatide,weekly injection,Mounjaro,5mg,Medino,9011921,medino.com,169.99,2026-10-04,,
Mounjaro,tirzepatide,weekly injection,Mounjaro,5mg,Pharmacy Online,9011378,pharmacyonline.co.uk,169.99,2026-10-04,,
Mounjaro,tirzepatide,weekly injection,Mounjaro,5mg,Peak Pharmacy,9012214,peakpharmacy.co.uk,172.00,2026-10-04,,
Mounjaro,tirzepatide,weekly injection,Mounjaro,5mg,Click 2 Pharmacy,1033781,click2pharmacy.co.uk,173.99,2026-10-04,,
Mounjaro,tirzepatide,weekly injection,Mounjaro,5mg,Cuva Health,9012581,cuvahealth.co.uk,173.99,2026-10-04,MED6,£6 Off for New Customers Only
Mounjaro,tirzepatide,weekly injection,Mounjaro,5mg,Cloud Pharmacy,9012073,cloudpharmacy.co.uk,174.99,2026-10-04,,
Mounjaro,tirzepatide,weekly injection,Mounjaro,5mg,Happy Pharmacy,9012585,happypharmacy.co.uk,174.99,2026-10-04,,
Mounjaro,tirzepatide,weekly injection,Mounjaro,5mg,The Care Pharmacy,9010308,thecarepharmacy.com,174.99,2026-10-04,TCP10,£10 Off
Mounjaro,tirzepatide,weekly injection,Mounjaro,5mg,The Family Chemist,9012915,thefamilychemist.co.uk,178.99,2026-10-04,,
Mounjaro,tirzepatide,weekly injection,Mounjaro,5mg,Cured Pharmacy,9012511,curedpharmacy.com,179.00,2026-10-04,,
Mounjaro,tirzepatide,weekly injection,Mounjaro,5mg,Fella,9013085,fellahealth.com,179.00,2026-10-04,,
Mounjaro,tirzepatide,weekly injection,Mounjaro,5mg,Pillsorted,9011258,pillsorted.com,179.00,2026-10-04,,
Mounjaro,tirzepatide,weekly injection,Mounjaro,5mg,Rightangled Pharmacy,9011933,rightangled.com,179.99,2026-10-04,,
Mounjaro,tirzepatide,weekly injection,Mounjaro,5mg,Curely,9012401,curely.co.uk,185.00,2026-10-04,,
Mounjaro,tirzepatide,weekly injection,Mounjaro,5mg,Zava,9012701,zavamed.com,187.99,2026-10-04,,
Mounjaro,tirzepatide,weekly injection,Mounjaro,5mg,Chemist4U,9011784,chemist-4-u.com,188.00,2026-10-04,,
Mounjaro,tirzepatide,weekly injection,Mounjaro,5mg,Oxford Online Pharmacy,9012205,oxfordonlinepharmacy.co.uk,188.96,2026-10-04,,
Mounjaro,tirzepatide,weekly injection,Mounjaro,5mg,Asda,1116105,onlinedoctor.asda.com,188.97,2026-10-04,,
Mounjaro,tirzepatide,weekly injection,Mounjaro,5mg,Quick Meds,9012521,quickmeds.co.uk,189.95,2026-10-04,,
Mounjaro,tirzepatide,weekly injection,Mounjaro,5mg,Click Pharmacy,9011460,clickpharmacy.co.uk,189.99,2026-10-04,,
Mounjaro,tirzepatide,weekly injection,Mounjaro,5mg,Lloyds Pharmacy,9011437,onlinedoctor.lloydspharmacy.com,189.99,2026-10-04,,
Mounjaro,tirzepatide,weekly injection,Mounjaro,5mg,Medexpress,9012633,medexpress.co.uk,189.99,2026-10-04,,
Mounjaro,tirzepatide,weekly injection,Mounjaro,5mg,Pharmacy2U,9010146,pharmacy2u.co.uk,189.99,2026-10-04,,
Mounjaro,tirzepatide,weekly injection,Mounjaro,5mg,Simply Meds Online,9010764,simplymedsonline.co.uk,189.99,2026-10-04,,
Mounjaro,tirzepatide,weekly injection,Mounjaro,5mg,Weprescribe,9012132,weprescribe.co.uk,189.99,2026-10-04,,
Mounjaro,tirzepatide,weekly injection,Mounjaro,5mg,IQ Doctor,9010411,iqdoctor.co.uk,194.99,2026-10-04,,
Mounjaro,tirzepatide,weekly injection,Mounjaro,5mg,Private Doc,1107567,privatedoc.com,197.00,2026-10-04,,
Mounjaro,tirzepatide,weekly injection,Mounjaro,5mg,MYBMI,9011784,my-bmi.co.uk,198.00,2026-10-04,,
Mounjaro,tirzepatide,weekly injection,Mounjaro,5mg,Bolt Pharmacy,9013085,boltpharmacy.co.uk,199.00,2026-10-04,,
Mounjaro,tirzepatide,weekly injection,Mounjaro,5mg,Boots Online Doctor,1030075,onlinedoctor.boots.com,199.00,2026-10-04,,
Mounjaro,tirzepatide,weekly injection,Mounjaro,5mg,Curate,9012358,curatehealth.co.uk,199.00,2026-10-04,,
Mounjaro,tirzepatide,weekly injection,Mounjaro,5mg,Morrisons Clinic,9011171,clinic.morrisons.com,199.00,2026-10-04,,
Mounjaro,tirzepatide,weekly injection,Mounjaro,5mg,Phlo Clinic,9011171,phloclinic.co.uk,199.00,2026-10-04,,
Mounjaro,tirzepatide,weekly injection,Mounjaro,5mg,Superdrug,9010736,onlinedoctor.superdrug.com,199.00,2026-10-04,,
Mounjaro,tirzepatide,weekly injection,Mounjaro,5mg,Pharmica,9012030,pharmica.co.uk,199.99,2026-10-04,,
Mounjaro,tirzepatide,weekly injection,Mounjaro,5mg,Simple Online Pharmacy,9011287,simpleonlinepharmacy.co.uk,199.99,2026-10-04,,
Mounjaro,tirzepatide,weekly injection,Mounjaro,5mg,The Independent Pharmacy,9012559,theindependentpharmacy.co.uk,199.99,2026-10-04,,
Mounjaro,tirzepatide,weekly injection,Mounjaro,5mg,health express,9011703,healthexpress.co.uk,199.99,2026-10-04,,
Mounjaro,tirzepatide,weekly injection,Mounjaro,5mg,SheMed,9012578,shemed.co.uk,204.00,2026-10-04,,
Mounjaro,tirzepatide,weekly injection,Mounjaro,5mg,MSH Weight Loss,9012599,mshweightloss.co.uk,209.00,2026-10-04,,
Mounjaro,tirzepatide,weekly injection,Mounjaro,5mg,Second Nature,9010938,secondnature.io,209.00,2026-10-04,,
Mounjaro,tirzepatide,weekly injection,Mounjaro,5mg,Assured Pharmacy,1121967,assuredpharmacy.co.uk,209.95,2026-10-04,,
Mounjaro,tirzepatide,weekly injection,Mounjaro,5mg,Webmed Pharmacy,9011118,webmedpharmacy.co.uk,210.00,2026-10-04,,
Mounjaro,tirzepatide,weekly injection,Mounjaro,5mg,Chequp,9012707,chequp.com,219.00,2026-10-04,,
Mounjaro,tirzepatide,weekly injection,Mounjaro,5mg,Medicspot,9012559,medicspot.co.uk,219.00,2026-10-04,,
Mounjaro,tirzepatide,weekly injection,Mounjaro,5mg,Juniper,9011842,myjuniper.co.uk,229.00,2026-10-04,,
Mounjaro,tirzepatide,weekly injection,Mounjaro,5mg,Voy,9012134,joinvoy.com,244.00,2026-10-04,,
Mounjaro,tirzepatide,weekly injection,Mounjaro,5mg,Numan,9011408,numan.com,249.00,2026-10-04,,
Mounjaro,tirzepatide,weekly injection,Mounjaro,7.5mg,Lotus Weight Loss,9011284,lotusweightloss.co.uk,176.00,2026-10-06,LWSAVE40,for £45 off all doses for new customers
Mounjaro,tirzepatide,weekly injection,Mounjaro,7.5mg,Medicine Market place,1116946,medicinemarketplace.com,178.00,2026-10-04,,
Mounjaro,tirzepatide,weekly injection,Mounjaro,7.5mg,New Health,9011199,new.co.uk,178.00,2026-10-04,,
Mounjaro,tirzepatide,weekly injection,Mounjaro,7.5mg,Farmeci,9011790,farmeci.com,195.98,2026-10-04,MEDFARM10,18% off New Customers Only
Mounjaro,tirzepatide,weekly injection,Mounjaro,7.5mg,My London Pharmacy,9012851,mylondonpharmacy.co.uk,195.98,2026-10-04,MEDMLP10,18% off New Customers Only
Mounjaro,tirzepatide,weekly injection,Mounjaro,7.5mg,E-Surgery,9012167,e-surgery.com,199.95,2026-10-04,Click the Pharmacy name for up to 22% off,Up to 22% off
Mounjaro,tirzepatide,weekly injection,Mounjaro,7.5mg,Pharmacy Planet,9010288,pharmacyplanet.com,200.00,2026-10-04,,
Mounjaro,tirzepatide,weekly injection,Mounjaro,7.5mg,Yourpharmacy,9012029,yourpharmacy.uk,203.20,2026-10-04,MED20,20% Off
Mounjaro,tirzepatide,weekly injection,Mounjaro,7.5mg,Oushk,9012610,oushkpharmacy.com,204.00,2026-10-04,EAZY40 and EAZY15,"£40 off New Customers, £15 off Returning"
Mounjaro,tirzepatide,weekly injection,Mounjaro,7.5mg,Trim,9012710,gettrim.co.uk,205.00,2026-10-04,Click on pharmacy name for £30 off,£30 Off New Customers Only
Mounjaro,tirzepatide,weekly injection,Mounjaro,7.5mg,Pills2U,9012634,pills2u.co.uk,208.98,2026-10-04,MedEazy,£10 off first orders and free delivery
Mounjaro,tirzepatide,weekly injection,Mounjaro,7.5mg,AYP Healthcare,9011523,ayp.healthcare,208.99,2026-10-04,,
Mounjaro,tirzepatide,weekly injection,Mounjaro,7.5mg,YourDose Pharmacy,9013045,yourdosepharmacy.co.uk,208.99,2026-10-04,YD10,£10 off with free delivery for new customers
Mounjaro,tirzepatide,weekly injection,Mounjaro,7.5mg,Fylde Clinic,9012835,fyldeclinic.co.uk,210.00,2026-10-04,,
Mounjaro,tirzepatide,weekly injection,Mounjaro,7.5mg,Pharmalogic Chemist,1103968,pharmalogic.co.uk,213.00,2026-10-04,,
Mounjaro,tirzepatide,weekly injection,Mounjaro,7.5mg,Pharmulous,9012252,pharmulous.co.uk,214.99,2026-10-04,,
Mounjaro,tirzepatide,weekly injection,Mounjaro,7.5mg,Swift Doctor,9012809,swift-doctor.com,215.00,2026-10-04,SWIFTD5 and SWIFTD10,Spend £99 for £5 off or £149 for £10 off
Mounjaro,tirzepatide,weekly injection,Mounjaro,7.5mg,Get A Drip,9012347,getadrip.shop,219.00,2026-10-04,,
Mounjaro,tirzepatide,weekly injection,Mounjaro,7.5mg,Tribelle,9012688,tribelle.co.uk,219.00,2026-10-04,,
Mounjaro,tirzepatide,weekly injection,Mounjaro,7.5mg,Cured Pharmacy,9012511,curedpharmacy.com,220.00,2026-10-04,,
Mounjaro,tirzepatide,weekly injection,Mounjaro,7.5mg,Live Well Weight Loss,9012516,livewellweightloss.co.uk,220.00,2026-10-04,FIRST5,£5 off for all customers
Mounjaro,tirzepatide,weekly injection,Mounjaro,7.5mg,Click 2 Pharmacy,1033781,click2pharmacy.co.uk,222.99,2026-10-04,,
Mounjaro,tirzepatide,weekly injection,Mounjaro,7.5mg,Ashcroft Pharmacy,9012896,ashcroftpharmacy.co.uk,224.99,2026-10-04,,
Mounjaro,tirzepatide,weekly injection,Mounjaro,7.5mg,Pharmacy Express,9012468,pharmacy-express.co.uk,224.99,2026-10-04,,
Mounjaro,tirzepatide,weekly injection,Mounjaro,7.5mg,The Care Pharmacy,9010308,thecarepharmacy.com,224.99,2026-10-04,TCP10,£10 Off
Mounjaro,tirzepatide,weekly injection,Mounjaro,7.5mg,Cuva Health,9012581,cuvahealth.co.uk,225.99,2026-10-04,MED6,£6 Off for New Customers Only
Mounjaro,tirzepatide,weekly injection,Mounjaro,7.5mg,Pillsorted,9011258,pillsorted.com,229.00,2026-10-04,,
Mounjaro,tirzepatide,weekly injection,Mounjaro,7.5mg,Happy Pharmacy,9012585,happypharmacy.co.uk,229.99,2026-10-04,,
Mounjaro,tirzepatide,weekly injection,Mounjaro,7.5mg,Cloud Pharmacy,9012073,cloudpharmacy.co.uk,234.99,2026-10-04,,
Mounjaro,tirzepatide,weekly injection,Mounjaro,7.5mg,The Family Chemist,9012915,thefamilychemist.co.uk,234.99,2026-10-04,,
Mounjaro,tirzepatide,weekly injection,Mounjaro,7.5mg,Curely,9012401,curely.co.uk,238.00,2026-10-04,,
Mounjaro,tirzepatide,weekly injection,Mounjaro,7.5mg,Fella,9013085,fellahealth.com,239.00,2026-10-04,,
Mounjaro,tirzepatide,weekly injection,Mounjaro,7.5mg,Second Nature,9010938,secondnature.io,239.00,2026-10-04,,
Mounjaro,tirzepatide,weekly injection,Mounjaro,7.5mg,Click Pharmacy,9011460,clickpharmacy.co.uk,239.99,2026-10-04,,
Mounjaro,tirzepatide,weekly injection,Mounjaro,7.5mg,Pharmacy Advance,9012423,pharmacyadvance.co.uk,239.99,2026-10-04,,
Mounjaro,tirzepatide,weekly injection,Mounjaro,7.5mg,Pharmacy Online,9011378,pharmacyonline.co.uk,239.99,2026-10-04,,
Mounjaro,tirzepatide,weekly injection,Mounjaro,7.5mg,Rightangled Pharmacy,9011933,rightangled.com,239.99,2026-10-04,,
Mounjaro,tirzepatide,weekly injection,Mounjaro,7.5mg,IQ Doctor,9010411,iqdoctor.co.uk,244.99,2026-10-04,,
Mounjaro,tirzepatide,weekly injection,Mounjaro,7.5mg,Pharmacy2U,9010146,pharmacy2u.co.uk,244.99,2026-10-04,,
Mounjaro,tirzepatide,weekly injection,Mounjaro,7.5mg,Weprescribe,9012132,weprescribe.co.uk,244.99,2026-10-04,,
Mounjaro,tirzepatide,weekly injection,Mounjaro,7.5mg,Private Doc,1107567,privatedoc.com,247.00,2026-10-04,,
Mounjaro,tirzepatide,weekly injection,Mounjaro,7.5mg,Chemist4U,9011784,chemist-4-u.com,248.00,2026-10-04,,
Mounjaro,tirzepatide,weekly injection,Mounjaro,7.5mg,MYBMI,9011784,my-bmi.co.uk,248.00,2026-10-04,,
Mounjaro,tirzepatide,weekly injection,Mounjaro,7.5mg,Oxford Online Pharmacy,9012205,oxfordonlinepharmacy.co.uk,248.96,2026-10-04,,
Mounjaro,tirzepatide,weekly injection,Mounjaro,7.5mg,Asda,1116105,onlinedoctor.asda.com,248.97,2026-10-04,,
Mounjaro,tirzepatide,weekly injection,Mounjaro,7.5mg,MSH Weight Loss,9012599,mshweightloss.co.uk,249.00,2026-10-04,,
Mounjaro,tirzepatide,weekly injection,Mounjaro,7.5mg,Morrisons Clinic,9011171,clinic.morrisons.com,249.00,2026-10-04,,
Mounjaro,tirzepatide,weekly injection,Mounjaro,7.5mg,Phlo Clinic,9011171,phloclinic.co.uk,249.00,2026-10-04,,
Mounjaro,tirzepatide,weekly injection,Mounjaro,7.5mg,Quick Meds,9012521,quickmeds.co.uk,249.95,2026-10-04,,
Mounjaro,tirzepatide,weekly injection,Mounjaro,7.5mg,Lloyds Pharmacy,9011437,onlinedoctor.lloydspharmacy.com,249.99,2026-10-04,,
Mounjaro,tirzepatide,weekly injection,Mounjaro,7.5mg,Medexpress,9012633,medexpress.co.uk,249.99,2026-10-04,,
Mounjaro,tirzepatide,weekly injection,Mounjaro,7.5mg,Medino,9011921,medino.com,249.99,2026-10-04,,
Mounjaro,tirzepatide,weekly injection,Mounjaro,7.5mg,Simply Meds Online,9010764,simplymedsonline.co.uk,249.99,2026-10-04,,
Mounjaro,tirzepatide,weekly injection,Mounjaro,7.5mg,Zava,9012701,zavamed.com,249.99,2026-10-04,,
Mounjaro,tirzepatide,weekly injection,Mounjaro,7.5mg,health express,9011703,healthexpress.co.uk,249.99,2026-10-04,,
Mounjaro,tirzepatide,weekly injection,Mounjaro,7.5mg,Peak Pharmacy,9012214,peakpharmacy.co.uk,250.00,2026-10-04,,
Mounjaro,tirzepatide,weekly injection,Mounjaro,7.5mg,SheMed,9012578,shemed.co.uk,254.00,2026-10-04,,
Mounjaro,tirzepatide,weekly injection,Mounjaro,7.5mg,Bolt Pharmacy,9013085,boltpharmacy.co.uk,259.00,2026-10-04,,
Mounjaro,tirzepatide,weekly injection,Mounjaro,7.5mg,Boots Online Doctor,1030075,onlinedoctor.boots.com,259.00,2026-10-04,,
Mounjaro,tirzepatide,weekly injection,Mounjaro,7.5mg,Curate,9012358,curatehealth.co.uk,259.00,2026-10-04,,
Mounjaro,tirzepatide,weekly injection,Mounjaro,7.5mg,Superdrug,9010736,onlinedoctor.superdrug.com,259.00,2026-10-04,,
Mounjaro,tirzepatide,weekly injection,Mounjaro,7.5mg,Assured Pharmacy,1121967,assuredpharmacy.co.uk,259.95,2026-10-04,,
Mounjaro,tirzepatide,weekly injection,Mounjaro,7.5mg,Pharmica,9012030,pharmica.co.uk,259.99,2026-10-04,,
Mounjaro,tirzepatide,weekly injection,Mounjaro,7.5mg,Simple Online Pharmacy,9011287,simpleonlinepharmacy.co.uk,259.99,2026-10-04,,
Mounjaro,tirzepatide,weekly injection,Mounjaro,7.5mg,The Independent Pharmacy,9012559,theindependentpharmacy.co.uk,259.99,2026-10-04,,
Mounjaro,tirzepatide,weekly injection,Mounjaro,7.5mg,Webmed Pharmacy,9011118,webmedpharmacy.co.uk,260.00,2026-10-04,,
Mounjaro,tirzepatide,weekly injection,Mounjaro,7.5mg,Chequp,9012707,chequp.com,269.00,2026-10-04,,
Mounjaro,tirzepatide,weekly injection,Mounjaro,7.5mg,Medicspot,9012559,medicspot.co.uk,269.00,2026-10-04,,
Mounjaro,tirzepatide,weekly injection,Mounjaro,7.5mg,Juniper,9011842,myjuniper.co.uk,279.00,2026-10-04,,
Mounjaro,tirzepatide,weekly injection,Mounjaro,7.5mg,Voy,9012134,joinvoy.com,294.00,2026-10-04,,
Mounjaro,tirzepatide,weekly injection,Mounjaro,7.5mg,Numan,9011408,numan.com,299.00,2026-10-04,,
Mounjaro,tirzepatide,weekly injection,Mounjaro,10mg,Medicine Market place,1116946,medicinemarketplace.com,198.00,2026-10-04,,
Mounjaro,tirzepatide,weekly injection,Mounjaro,10mg,New Health,9011199,new.co.uk,198.00,2026-10-04,,
Mounjaro,tirzepatide,weekly injection,Mounjaro,10mg,Lotus Weight Loss,9011284,lotusweightloss.co.uk,201.00,2026-10-06,LWSAVE40,for £45 off all doses for new customers
Mounjaro,tirzepatide,weekly injection,Mounjaro,10mg,Farmeci,9011790,farmeci.com,212.38,2026-10-04,MEDFARM10,18% off New Customers Only
Mounjaro,tirzepatide,weekly injection,Mounjaro,10mg,My London Pharmacy,9012851,mylondonpharmacy.co.uk,212.38,2026-10-04,MEDMLP10,18% off New Customers Only
Mounjaro,tirzepatide,weekly injection,Mounjaro,10mg,Yourpharmacy,9012029,yourpharmacy.uk,220.00,2026-10-04,MED20,20% Off
Mounjaro,tirzepatide,weekly injection,Mounjaro,10mg,E-Surgery,9012167,e-surgery.com,229.95,2026-10-04,Click the Pharmacy name for up to 22% off,Up to 22% off
Mounjaro,tirzepatide,weekly injection,Mounjaro,10mg,Pharmacy Planet,9010288,pharmacyplanet.com,230.00,2026-10-04,,
Mounjaro,tirzepatide,weekly injection,Mounjaro,10mg,Pills2U,9012634,pills2u.co.uk,233.99,2026-10-04,MedEazy,£10 off first orders and free delivery
Mounjaro,tirzepatide,weekly injection,Mounjaro,10mg,Fylde Clinic,9012835,fyldeclinic.co.uk,235.00,2026-10-04,,
Mounjaro,tirzepatide,weekly injection,Mounjaro,10mg,Trim,9012710,gettrim.co.uk,235.00,2026-10-04,Click on pharmacy name for £30 off,£30 Off New Customers Only
Mounjaro,tirzepatide,weekly injection,Mounjaro,10mg,YourDose Pharmacy,9013045,yourdosepharmacy.co.uk,235.50,2026-10-04,YD10,£10 off with free delivery for new customers
Mounjaro,tirzepatide,weekly injection,Mounjaro,10mg,AYP Healthcare,9011523,ayp.healthcare,235.99,2026-10-04,,
Mounjaro,tirzepatide,weekly injection,Mounjaro,10mg,Pharmalogic Chemist,1103968,pharmalogic.co.uk,238.00,2026-10-04,,
Mounjaro,tirzepatide,weekly injection,Mounjaro,10mg,Oushk,9012610,oushkpharmacy.com,239.00,2026-10-04,EAZY40 and EAZY15,"£40 off New Customers, £15 off Returning"
Mounjaro,tirzepatide,weekly injection,Mounjaro,10mg,Swift Doctor,9012809,swift-doctor.com,239.00,2026-10-04,SWIFTD5 and SWIFTD10,Spend £99 for £5 off or £149 for £10 off
Mounjaro,tirzepatide,weekly injection,Mounjaro,10mg,Pharmulous,9012252,pharmulous.co.uk,239.99,2026-10-04,,
Mounjaro,tirzepatide,weekly injection,Mounjaro,10mg,Live Well Weight Loss,9012516,livewellweightloss.co.uk,244.00,2026-10-04,FIRST5,£5 off for all customers
Mounjaro,tirzepatide,weekly injection,Mounjaro,10mg,Pharmacy Express,9012468,pharmacy-express.co.uk,244.99,2026-10-04,,
Mounjaro,tirzepatide,weekly injection,Mounjaro,10mg,Cured Pharmacy,9012511,curedpharmacy.com,245.00,2026-10-04,,
Mounjaro,tirzepatide,weekly injection,Mounjaro,10mg,Tribelle,9012688,tribelle.co.uk,245.00,2026-10-04,,
Mounjaro,tirzepatide,weekly injection,Mounjaro,10mg,Get A Drip,9012347,getadrip.shop,249.00,2026-10-04,,
Mounjaro,tirzepatide,weekly injection,Mounjaro,10mg,Ashcroft Pharmacy,9012896,ashcroftpharmacy.co.uk,249.99,2026-10-04,,
Mounjaro,tirzepatide,weekly injection,Mounjaro,10mg,Click 2 Pharmacy,1033781,click2pharmacy.co.uk,249.99,2026-10-04,,
Mounjaro,tirzepatide,weekly injection,Mounjaro,10mg,The Care Pharmacy,9010308,thecarepharmacy.com,249.99,2026-10-04,TCP10,£10 Off
Mounjaro,tirzepatide,weekly injection,Mounjaro,10mg,Cuva Health,9012581,cuvahealth.co.uk,250.99,2026-10-04,MED6,£6 Off for New Customers Only
Mounjaro,tirzepatide,weekly injection,Mounjaro,10mg,SheMed,9012578,shemed.co.uk,254.00,2026-10-04,,
Mounjaro,tirzepatide,weekly injection,Mounjaro,10mg,Happy Pharmacy,9012585,happypharmacy.co.uk,254.99,2026-10-04,,
Mounjaro,tirzepatide,weekly injection,Mounjaro,10mg,The Family Chemist,9012915,thefamilychemist.co.uk,258.99,2026-10-04,,
Mounjaro,tirzepatide,weekly injection,Mounjaro,10mg,Pillsorted,9011258,pillsorted.com,259.00,2026-10-04,,
Mounjaro,tirzepatide,weekly injection,Mounjaro,10mg,Second Nature,9010938,secondnature.io,259.00,2026-10-04,,
Mounjaro,tirzepatide,weekly injection,Mounjaro,10mg,Cloud Pharmacy,9012073,cloudpharmacy.co.uk,259.99,2026-10-04,,
Mounjaro,tirzepatide,weekly injection,Mounjaro,10mg,Pharmacy Advance,9012423,pharmacyadvance.co.uk,259.99,2026-10-04,,
Mounjaro,tirzepatide,weekly injection,Mounjaro,10mg,Curely,9012401,curely.co.uk,260.00,2026-10-04,,
Mounjaro,tirzepatide,weekly injection,Mounjaro,10mg,Weprescribe,9012132,weprescribe.co.uk,264.99,2026-10-04,,
Mounjaro,tirzepatide,weekly injection,Mounjaro,10mg,Fella,9013085,fellahealth.com,269.00,2026-10-04,,
Mounjaro,tirzepatide,weekly injection,Mounjaro,10mg,Click Pharmacy,9011460,clickpharmacy.co.uk,269.99,2026-10-04,,
Mounjaro,tirzepatide,weekly injection,Mounjaro,10mg,Medino,9011921,medino.com,269.99,2026-10-04,,
Mounjaro,tirzepatide,weekly injection,Mounjaro,10mg,Pharmacy Online,9011378,pharmacyonline.co.uk,269.99,2026-10-04,,
Mounjaro,tirzepatide,weekly injection,Mounjaro,10mg,Peak Pharmacy,9012214,peakpharmacy.co.uk,274.00,2026-10-04,,
Mounjaro,tirzepatide,weekly injection,Mounjaro,10mg,IQ Doctor,9010411,iqdoctor.co.uk,274.99,2026-10-04,,
Mounjaro,tirzepatide,weekly injection,Mounjaro,10mg,Private Doc,1107567,privatedoc.com,277.00,2026-10-04,,
Mounjaro,tirzepatide,weekly injection,Mounjaro,10mg,Chemist4U,9011784,chemist-4-u.com,278.00,2026-10-04,,
Mounjaro,tirzepatide,weekly injection,Mounjaro,10mg,MYBMI,9011784,my-bmi.co.uk,278.00,2026-10-04,,
Mounjaro,tirzepatide,weekly injection,Mounjaro,10mg,Oxford Online Pharmacy,9012205,oxfordonlinepharmacy.co.uk,278.96,2026-10-04,,
Mounjaro,tirzepatide,weekly injection,Mounjaro,10mg,Asda,1116105,onlinedoctor.asda.com,278.97,2026-10-04,,
Mounjaro,tirzepatide,weekly injection,Mounjaro,10mg,Morrisons Clinic,9011171,clinic.morrisons.com,279.00,2026-10-04,,
Mounjaro,tirzepatide,weekly injection,Mounjaro,10mg,Phlo Clinic,9011171,phloclinic.co.uk,279.00,2026-10-04,,
Mounjaro,tirzepatide,weekly injection,Mounjaro,10mg,Lloyds Pharmacy,9011437,onlinedoctor.lloydspharmacy.com,279.99,2026-10-04,,
Mounjaro,tirzepatide,weekly injection,Mounjaro,10mg,Medexpress,9012633,medexpress.co.uk,279.99,2026-10-04,,
Mounjaro,tirzepatide,weekly injection,Mounjaro,10mg,Pharmacy2U,9010146,pharmacy2u.co.uk,279.99,2026-10-04,,
Mounjaro,tirzepatide,weekly injection,Mounjaro,10mg,Rightangled Pharmacy,9011933,rightangled.com,279.99,2026-10-04,,
Mounjaro,tirzepatide,weekly injection,Mounjaro,10mg,Simple Online Pharmacy,9011287,simpleonlinepharmacy.co.uk,279.99,2026-10-04,,
Mounjaro,tirzepatide,weekly injection,Mounjaro,10mg,Simply Meds Online,9010764,simplymedsonline.co.uk,279.99,2026-10-04,,
Mounjaro,tirzepatide,weekly injection,Mounjaro,10mg,Zava,9012701,zavamed.com,279.99,2026-10-04,,
Mounjaro,tirzepatide,weekly injection,Mounjaro,10mg,health express,9011703,healthexpress.co.uk,279.99,2026-10-04,,
Mounjaro,tirzepatide,weekly injection,Mounjaro,10mg,Pharmica,9012030,pharmica.co.uk,284.99,2026-10-04,,
Mounjaro,tirzepatide,weekly injection,Mounjaro,10mg,Bolt Pharmacy,9013085,boltpharmacy.co.uk,289.00,2026-10-04,,
Mounjaro,tirzepatide,weekly injection,Mounjaro,10mg,Chequp,9012707,chequp.com,289.00,2026-10-04,,
Mounjaro,tirzepatide,weekly injection,Mounjaro,10mg,Curate,9012358,curatehealth.co.uk,289.00,2026-10-04,,
Mounjaro,tirzepatide,weekly injection,Mounjaro,10mg,MSH Weight Loss,9012599,mshweightloss.co.uk,289.00,2026-10-04,,
Mounjaro,tirzepatide,weekly injection,Mounjaro,10mg,Medicspot,9012559,medicspot.co.uk,289.00,2026-10-04,,
Mounjaro,tirzepatide,weekly injection,Mounjaro,10mg,Assured Pharmacy,1121967,assuredpharmacy.co.uk,289.95,2026-10-04,,
Mounjaro,tirzepatide,weekly injection,Mounjaro,10mg,Quick Meds,9012521,quickmeds.co.uk,289.95,2026-10-04,,
Mounjaro,tirzepatide,weekly injection,Mounjaro,10mg,The Independent Pharmacy,9012559,theindependentpharmacy.co.uk,289.99,2026-10-04,,
Mounjaro,tirzepatide,weekly injection,Mounjaro,10mg,Webmed Pharmacy,9011118,webmedpharmacy.co.uk,290.00,2026-10-04,,
Mounjaro,tirzepatide,weekly injection,Mounjaro,10mg,Boots Online Doctor,1030075,onlinedoctor.boots.com,299.00,2026-10-04,,
Mounjaro,tirzepatide,weekly injection,Mounjaro,10mg,Superdrug,9010736,onlinedoctor.superdrug.com,299.00,2026-10-04,,
Mounjaro,tirzepatide,weekly injection,Mounjaro,10mg,Juniper,9011842,myjuniper.co.uk,304.00,2026-10-04,,
Mounjaro,tirzepatide,weekly injection,Mounjaro,10mg,Numan,9011408,numan.com,319.00,2026-10-04,,
Mounjaro,tirzepatide,weekly injection,Mounjaro,10mg,Voy,9012134,joinvoy.com,324.00,2026-10-04,,
Mounjaro,tirzepatide,weekly injection,Mounjaro,12.5mg,Medicine Market place,1116946,medicinemarketplace.com,212.00,2026-10-04,,
Mounjaro,tirzepatide,weekly injection,Mounjaro,12.5mg,New Health,9011199,new.co.uk,212.00,2026-10-04,,
Mounjaro,tirzepatide,weekly injection,Mounjaro,12.5mg,Lotus Weight Loss,9011284,lotusweightloss.co.uk,223.00,2026-10-06,LWSAVE40,for £45 off all doses for new customers
Mounjaro,tirzepatide,weekly injection,Mounjaro,12.5mg,Farmeci,9011790,farmeci.com,228.78,2026-10-04,MEDFARM10,18% off New Customers Only
Mounjaro,tirzepatide,weekly injection,Mounjaro,12.5mg,My London Pharmacy,9012851,mylondonpharmacy.co.uk,228.78,2026-10-04,MEDMLP10,18% off New Customers Only
Mounjaro,tirzepatide,weekly injection,Mounjaro,12.5mg,Yourpharmacy,9012029,yourpharmacy.uk,231.20,2026-10-04,MED20,20% Off
Mounjaro,tirzepatide,weekly injection,Mounjaro,12.5mg,AYP Healthcare,9011523,ayp.healthcare,247.99,2026-10-04,,
Mounjaro,tirzepatide,weekly injection,Mounjaro,12.5mg,E-Surgery,9012167,e-surgery.com,249.95,2026-10-04,Click the Pharmacy name for up to 22% off,Up to 22% off
Mounjaro,tirzepatide,weekly injection,Mounjaro,12.5mg,Fylde Clinic,9012835,fyldeclinic.co.uk,250.00,2026-10-04,,
Mounjaro,tirzepatide,weekly injection,Mounjaro,12.5mg,Pharmacy Planet,9010288,pharmacyplanet.com,250.00,2026-10-04,,
Mounjaro,tirzepatide,weekly injection,Mounjaro,12.5mg,YourDose Pharmacy,9013045,yourdosepharmacy.co.uk,252.50,2026-10-04,YD10,£10 off with free delivery for new customers
Mounjaro,tirzepatide,weekly injection,Mounjaro,12.5mg,Pharmalogic Chemist,1103968,pharmalogic.co.uk,253.00,2026-10-04,,
Mounjaro,tirzepatide,weekly injection,Mounjaro,12.5mg,Pills2U,9012634,pills2u.co.uk,254.99,2026-10-04,MedEazy,£10 off first orders and free delivery
Mounjaro,tirzepatide,weekly injection,Mounjaro,12.5mg,Swift Doctor,9012809,swift-doctor.com,255.00,2026-10-04,SWIFTD5 and SWIFTD10,Spend £99 for £5 off or £149 for £10 off
Mounjaro,tirzepatide,weekly injection,Mounjaro,12.5mg,Pharmulous,9012252,pharmulous.co.uk,259.99,2026-10-04,,
Mounjaro,tirzepatide,weekly injection,Mounjaro,12.5mg,Oushk,9012610,oushkpharmacy.com,260.00,2026-10-04,EAZY40 and EAZY15,"£40 off New Customers, £15 off Returning"
Mounjaro,tirzepatide,weekly injection,Mounjaro,12.5mg,Live Well Weight Loss,9012516,livewellweightloss.co.uk,264.00,2026-10-04,FIRST5,£5 off for all customers
Mounjaro,tirzepatide,weekly injection,Mounjaro,12.5mg,Pharmacy Express,9012468,pharmacy-express.co.uk,264.99,2026-10-04,,
Mounjaro,tirzepatide,weekly injection,Mounjaro,12.5mg,Tribelle,9012688,tribelle.co.uk,265.00,2026-10-04,,
Mounjaro,tirzepatide,weekly injection,Mounjaro,12.5mg,Trim,9012710,gettrim.co.uk,265.00,2026-10-04,Click on pharmacy name for £30 off,£30 Off New Customers Only
Mounjaro,tirzepatide,weekly injection,Mounjaro,12.5mg,Cuva Health,9012581,cuvahealth.co.uk,267.99,2026-10-04,MED6,£6 Off for New Customers Only
Mounjaro,tirzepatide,weekly injection,Mounjaro,12.5mg,Get A Drip,9012347,getadrip.shop,269.00,2026-10-04,,
Mounjaro,tirzepatide,weekly injection,Mounjaro,12.5mg,Ashcroft Pharmacy,9012896,ashcroftpharmacy.co.uk,269.99,2026-10-04,,
Mounjaro,tirzepatide,weekly injection,Mounjaro,12.5mg,Click 2 Pharmacy,1033781,click2pharmacy.co.uk,269.99,2026-10-04,,
Mounjaro,tirzepatide,weekly injection,Mounjaro,12.5mg,Happy Pharmacy,9012585,happypharmacy.co.uk,269.99,2026-10-04,,
Mounjaro,tirzepatide,weekly injection,Mounjaro,12.5mg,The Care Pharmacy,9010308,thecarepharmacy.com,269.99,2026-10-04,TCP10,£10 Off
Mounjaro,tirzepatide,weekly injection,Mounjaro,12.5mg,Cured Pharmacy,9012511,curedpharmacy.com,270.00,2026-10-04,,
Mounjaro,tirzepatide,weekly injection,Mounjaro,12.5mg,Cloud Pharmacy,9012073,cloudpharmacy.co.uk,274.99,2026-10-04,,
Mounjaro,tirzepatide,weekly injection,Mounjaro,12.5mg,Pharmacy Advance,9012423,pharmacyadvance.co.uk,274.99,2026-10-04,,
Mounjaro,tirzepatide,weekly injection,Mounjaro,12.5mg,The Family Chemist,9012915,thefamilychemist.co.uk,278.99,2026-10-04,,
Mounjaro,tirzepatide,weekly injection,Mounjaro,12.5mg,Pillsorted,9011258,pillsorted.com,279.00,2026-10-04,,
Mounjaro,tirzepatide,weekly injection,Mounjaro,12.5mg,Second Nature,9010938,secondnature.io,279.00,2026-10-04,,
Mounjaro,tirzepatide,weekly injection,Mounjaro,12.5mg,Curely,9012401,curely.co.uk,280.00,2026-10-04,,
Mounjaro,tirzepatide,weekly injection,Mounjaro,12.5mg,Chemist4U,9011784,chemist-4-u.com,288.00,2026-10-04,,
Mounjaro,tirzepatide,weekly injection,Mounjaro,12.5mg,Oxford Online Pharmacy,9012205,oxfordonlinepharmacy.co.uk,288.96,2026-10-04,,
Mounjaro,tirzepatide,weekly injection,Mounjaro,12.5mg,Asda,1116105,onlinedoctor.asda.com,288.97,2026-10-04,,
Mounjaro,tirzepatide,weekly injection,Mounjaro,12.5mg,Fella,9013085,fellahealth.com,289.00,2026-10-04,,
Mounjaro,tirzepatide,weekly injection,Mounjaro,12.5mg,Click Pharmacy,9011460,clickpharmacy.co.uk,289.99,2026-10-04,,
Mounjaro,tirzepatide,weekly injection,Mounjaro,12.5mg,Pharmacy Online,9011378,pharmacyonline.co.uk,289.99,2026-10-04,,
Mounjaro,tirzepatide,weekly injection,Mounjaro,12.5mg,Pharmacy2U,9010146,pharmacy2u.co.uk,289.99,2026-10-04,,
Mounjaro,tirzepatide,weekly injection,Mounjaro,12.5mg,Rightangled Pharmacy,9011933,rightangled.com,289.99,2026-10-04,,
Mounjaro,tirzepatide,weekly injection,Mounjaro,12.5mg,Weprescribe,9012132,weprescribe.co.uk,289.99,2026-10-04,,
Mounjaro,tirzepatide,weekly injection,Mounjaro,12.5mg,SheMed,9012578,shemed.co.uk,294.00,2026-10-04,,
Mounjaro,tirzepatide,weekly injection,Mounjaro,12.5mg,IQ Doctor,9010411,iqdoctor.co.uk,294.99,2026-10-04,,
Mounjaro,tirzepatide,weekly injection,Mounjaro,12.5mg,Private Doc,1107567,privatedoc.com,297.00,2026-10-04,,
Mounjaro,tirzepatide,weekly injection,Mounjaro,12.5mg,MSH Weight Loss,9012599,mshweightloss.co.uk,299.00,2026-10-04,,
Mounjaro,tirzepatide,weekly injection,Mounjaro,12.5mg,MYBMI,9011784,my-bmi.co.uk,299.00,2026-10-04,,
Mounjaro,tirzepatide,weekly injection,Mounjaro,12.5mg,Morrisons Clinic,9011171,clinic.morrisons.com,299.00,2026-10-04,,
Mounjaro,tirzepatide,weekly injection,Mounjaro,12.5mg,Phlo Clinic,9011171,phloclinic.co.uk,299.00,2026-10-04,,
Mounjaro,tirzepatide,weekly injection,Mounjaro,12.5mg,Lloyds Pharmacy,9011437,onlinedoctor.lloydspharmacy.com,299.99,2026-10-04,,
Mounjaro,tirzepatide,weekly injection,Mounjaro,12.5mg,Medexpress,9012633,medexpress.co.uk,299.99,2026-10-04,,
Mounjaro,tirzepatide,weekly injection,Mounjaro,12.5mg,Medino,9011921,medino.com,299.99,2026-10-04,,
Mounjaro,tirzepatide,weekly injection,Mounjaro,12.5mg,Simple Online Pharmacy,9011287,simpleonlinepharmacy.co.uk,299.99,2026-10-04,,
Mounjaro,tirzepatide,weekly injection,Mounjaro,12.5mg,Simply Meds Online,9010764,simplymedsonline.co.uk,299.99,2026-10-04,,
Mounjaro,tirzepatide,weekly injection,Mounjaro,12.5mg,Zava,9012701,zavamed.com,299.99,2026-10-04,,
Mounjaro,tirzepatide,weekly injection,Mounjaro,12.5mg,health express,9011703,healthexpress.co.uk,299.99,2026-10-04,,
Mounjaro,tirzepatide,weekly injection,Mounjaro,12.5mg,Peak Pharmacy,9012214,peakpharmacy.co.uk,304.00,2026-10-04,,
Mounjaro,tirzepatide,weekly injection,Mounjaro,12.5mg,The Independent Pharmacy,9012559,theindependentpharmacy.co.uk,304.99,2026-10-04,,
Mounjaro,tirzepatide,weekly injection,Mounjaro,12.5mg,Bolt Pharmacy,9013085,boltpharmacy.co.uk,309.00,2026-10-04,,
Mounjaro,tirzepatide,weekly injection,Mounjaro,12.5mg,Chequp,9012707,chequp.com,309.00,2026-10-04,,
Mounjaro,tirzepatide,weekly injection,Mounjaro,12.5mg,Curate,9012358,curatehealth.co.uk,309.00,2026-10-04,,
Mounjaro,tirzepatide,weekly injection,Mounjaro,12.5mg,Medicspot,9012559,medicspot.co.uk,309.00,2026-10-04,,
Mounjaro,tirzepatide,weekly injection,Mounjaro,12.5mg,Assured Pharmacy,1121967,assuredpharmacy.co.uk,309.95,2026-10-04,,
Mounjaro,tirzepatide,weekly injection,Mounjaro,12.5mg,Quick Meds,9012521,quickmeds.co.uk,309.95,2026-10-04,,
Mounjaro,tirzepatide,weekly injection,Mounjaro,12.5mg,Pharmica,9012030,pharmica.co.uk,309.99,2026-10-04,,
Mounjaro,tirzepatide,weekly injection,Mounjaro,12.5mg,Webmed Pharmacy,9011118,webmedpharmacy.co.uk,310.00,2026-10-04,,
Mounjaro,tirzepatide,weekly injection,Mounjaro,12.5mg,Boots Online Doctor,1030075,onlinedoctor.boots.com,319.00,2026-10-04,,
Mounjaro,tirzepatide,weekly injection,Mounjaro,12.5mg,Superdrug,9010736,onlinedoctor.superdrug.com,319.00,2026-10-04,,
Mounjaro,tirzepatide,weekly injection,Mounjaro,12.5mg,Juniper,9011842,myjuniper.co.uk,329.00,2026-10-04,,
Mounjaro,tirzepatide,weekly injection,Mounjaro,12.5mg,Numan,9011408,numan.com,339.00,2026-10-04,,
Mounjaro,tirzepatide,weekly injection,Mounjaro,12.5mg,Voy,9012134,joinvoy.com,344.00,2026-10-04,,
Mounjaro,tirzepatide,weekly injection,Mounjaro,15mg,Medicine Market place,1116946,medicinemarketplace.com,229.00,2026-10-04,,
Mounjaro,tirzepatide,weekly injection,Mounjaro,15mg,New Health,9011199,new.co.uk,229.00,2026-10-04,,
Mounjaro,tirzepatide,weekly injection,Mounjaro,15mg,Yourpharmacy,9012029,yourpharmacy.uk,238.40,2026-10-04,MED20,20% Off
Mounjaro,tirzepatide,weekly injection,Mounjaro,15mg,Lotus Weight Loss,9011284,lotusweightloss.co.uk,239.00,2026-10-06,LWSAVE40,for £45 off all doses for new customers
Mounjaro,tirzepatide,weekly injection,Mounjaro,15mg,Farmeci,9011790,farmeci.com,245.18,2026-10-04,MEDFARM10,18% off New Customers Only
Mounjaro,tirzepatide,weekly injection,Mounjaro,15mg,My London Pharmacy,9012851,mylondonpharmacy.co.uk,245.18,2026-10-04,MEDMLP10,18% off New Customers Only
Mounjaro,tirzepatide,weekly injection,Mounjaro,15mg,Trim,9012710,gettrim.co.uk,265.00,2026-10-04,Click on pharmacy name for £30 off,£30 Off New Customers Only
Mounjaro,tirzepatide,weekly injection,Mounjaro,15mg,E-Surgery,9012167,e-surgery.com,265.95,2026-10-04,Click the Pharmacy name for up to 22% off,Up to 22% off
Mounjaro,tirzepatide,weekly injection,Mounjaro,15mg,AYP Healthcare,9011523,ayp.healthcare,269.99,2026-10-04,,
Mounjaro,tirzepatide,weekly injection,Mounjaro,15mg,Fylde Clinic,9012835,fyldeclinic.co.uk,270.00,2026-10-04,,
Mounjaro,tirzepatide,weekly injection,Mounjaro,15mg,Oushk,9012610,oushkpharmacy.com,270.00,2026-10-04,EAZY40 and EAZY15,"£40 off New Customers, £15 off Returning"
Mounjaro,tirzepatide,weekly injection,Mounjaro,15mg,Pharmacy Planet,9010288,pharmacyplanet.com,270.00,2026-10-04,,
Mounjaro,tirzepatide,weekly injection,Mounjaro,15mg,Pharmalogic Chemist,1103968,pharmalogic.co.uk,273.00,2026-10-04,,
Mounjaro,tirzepatide,weekly injection,Mounjaro,15mg,YourDose Pharmacy,9013045,yourdosepharmacy.co.uk,273.00,2026-10-04,YD10,£10 off with free delivery for new customers
Mounjaro,tirzepatide,weekly injection,Mounjaro,15mg,Pharmulous,9012252,pharmulous.co.uk,274.99,2026-10-04,,
Mounjaro,tirzepatide,weekly injection,Mounjaro,15mg,Swift Doctor,9012809,swift-doctor.com,279.00,2026-10-04,SWIFTD5 and SWIFTD10,Spend £99 for £5 off or £149 for £10 off
Mounjaro,tirzepatide,weekly injection,Mounjaro,15mg,Pills2U,9012634,pills2u.co.uk,279.99,2026-10-04,MedEazy,£10 off first orders and free delivery
Mounjaro,tirzepatide,weekly injection,Mounjaro,15mg,Live Well Weight Loss,9012516,livewellweightloss.co.uk,284.00,2026-10-04,FIRST5,£5 off for all customers
Mounjaro,tirzepatide,weekly injection,Mounjaro,15mg,Pharmacy Express,9012468,pharmacy-express.co.uk,284.99,2026-10-04,,
Mounjaro,tirzepatide,weekly injection,Mounjaro,15mg,Tribelle,9012688,tribelle.co.uk,285.00,2026-10-04,,
Mounjaro,tirzepatide,weekly injection,Mounjaro,15mg,Cured Pharmacy,9012511,curedpharmacy.com,287.00,2026-10-04,,
Mounjaro,tirzepatide,weekly injection,Mounjaro,15mg,Click 2 Pharmacy,1033781,click2pharmacy.co.uk,288.99,2026-10-04,,
Mounjaro,tirzepatide,weekly injection,Mounjaro,15mg,Cuva Health,9012581,cuvahealth.co.uk,288.99,2026-10-04,MED6,£6 Off for New Customers Only
Mounjaro,tirzepatide,weekly injection,Mounjaro,15mg,Get A Drip,9012347,getadrip.shop,289.00,2026-10-04,,
Mounjaro,tirzepatide,weekly injection,Mounjaro,15mg,Pillsorted,9011258,pillsorted.com,289.00,2026-10-04,,
Mounjaro,tirzepatide,weekly injection,Mounjaro,15mg,The Care Pharmacy,9010308,thecarepharmacy.com,289.99,2026-10-04,TCP10,£10 Off
Mounjaro,tirzepatide,weekly injection,Mounjaro,15mg,The Family Chemist,9012915,thefamilychemist.co.uk,293.99,2026-10-04,,
Mounjaro,tirzepatide,weekly injection,Mounjaro,15mg,SheMed,9012578,shemed.co.uk,294.00,2026-10-04,,
Mounjaro,tirzepatide,weekly injection,Mounjaro,15mg,Ashcroft Pharmacy,9012896,ashcroftpharmacy.co.uk,294.99,2026-10-04,,
Mounjaro,tirzepatide,weekly injection,Mounjaro,15mg,Cloud Pharmacy,9012073,cloudpharmacy.co.uk,294.99,2026-10-04,,
Mounjaro,tirzepatide,weekly injection,Mounjaro,15mg,Chemist4U,9011784,chemist-4-u.com,298.00,2026-10-04,,
Mounjaro,tirzepatide,weekly injection,Mounjaro,15mg,Asda,1116105,onlinedoctor.asda.com,298.97,2026-10-04,,
Mounjaro,tirzepatide,weekly injection,Mounjaro,15mg,Fella,9013085,fellahealth.com,299.00,2026-10-04,,
Mounjaro,tirzepatide,weekly injection,Mounjaro,15mg,Second Nature,9010938,secondnature.io,299.00,2026-10-04,,
Mounjaro,tirzepatide,weekly injection,Mounjaro,15mg,Click Pharmacy,9011460,clickpharmacy.co.uk,299.99,2026-10-04,,
Mounjaro,tirzepatide,weekly injection,Mounjaro,15mg,Happy Pharmacy,9012585,happypharmacy.co.uk,299.99,2026-10-04,,
Mounjaro,tirzepatide,weekly injection,Mounjaro,15mg,Pharmacy Advance,9012423,pharmacyadvance.co.uk,299.99,2026-10-04,,
Mounjaro,tirzepatide,weekly injection,Mounjaro,15mg,Pharmacy Online,9011378,pharmacyonline.co.uk,299.99,2026-10-04,,
Mounjaro,tirzepatide,weekly injection,Mounjaro,15mg,Pharmacy2U,9010146,pharmacy2u.co.uk,299.99,2026-10-04,,
Mounjaro,tirzepatide,weekly injection,Mounjaro,15mg,IQ Doctor,9010411,iqdoctor.co.uk,304.99,2026-10-04,,
Mounjaro,tirzepatide,weekly injection,Mounjaro,15mg,Curely,9012401,curely.co.uk,305.00,2026-10-04,,
Mounjaro,tirzepatide,weekly injection,Mounjaro,15mg,MYBMI,9011784,my-bmi.co.uk,309.00,2026-10-04,,
Mounjaro,tirzepatide,weekly injection,Mounjaro,15mg,Oxford Online Pharmacy,9012205,oxfordonlinepharmacy.co.uk,309.95,2026-10-04,,
Mounjaro,tirzepatide,weekly injection,Mounjaro,15mg,Lloyds Pharmacy,9011437,onlinedoctor.lloydspharmacy.com,309.99,2026-10-04,,
Mounjaro,tirzepatide,weekly injection,Mounjaro,15mg,Medexpress,9012633,medexpress.co.uk,309.99,2026-10-04,,
Mounjaro,tirzepatide,weekly injection,Mounjaro,15mg,Rightangled Pharmacy,9011933,rightangled.com,309.99,2026-10-04,,
Mounjaro,tirzepatide,weekly injection,Mounjaro,15mg,Weprescribe,9012132,weprescribe.co.uk,309.99,2026-10-04,,
Mounjaro,tirzepatide,weekly injection,Mounjaro,15mg,Zava,9012701,zavamed.com,309.99,2026-10-04,,
Mounjaro,tirzepatide,weekly injection,Mounjaro,15mg,health express,9011703,healthexpress.co.uk,309.99,2026-10-04,,
Mounjaro,tirzepatide,weekly injection,Mounjaro,15mg,Private Doc,1107567,privatedoc.com,317.00,2026-10-04,,
Mounjaro,tirzepatide,weekly injection,Mounjaro,15mg,Bolt Pharmacy,9013085,boltpharmacy.co.uk,319.00,2026-10-04,,
Mounjaro,tirzepatide,weekly injection,Mounjaro,15mg,MSH Weight Loss,9012599,mshweightloss.co.uk,319.00,2026-10-04,,
Mounjaro,tirzepatide,weekly injection,Mounjaro,15mg,Morrisons Clinic,9011171,clinic.morrisons.com,319.00,2026-10-04,,
Mounjaro,tirzepatide,weekly injection,Mounjaro,15mg,Phlo Clinic,9011171,phloclinic.co.uk,319.00,2026-10-04,,
Mounjaro,tirzepatide,weekly injection,Mounjaro,15mg,Medino,9011921,medino.com,319.99,2026-10-04,,
Mounjaro,tirzepatide,weekly injection,Mounjaro,15mg,Pharmica,9012030,pharmica.co.uk,319.99,2026-10-04,,
Mounjaro,tirzepatide,weekly injection,Mounjaro,15mg,Simple Online Pharmacy,9011287,simpleonlinepharmacy.co.uk,319.99,2026-10-04,,
Mounjaro,tirzepatide,weekly injection,Mounjaro,15mg,Simply Meds Online,9010764,simplymedsonline.co.uk,319.99,2026-10-04,,
Mounjaro,tirzepatide,weekly injection,Mounjaro,15mg,Peak Pharmacy,9012214,peakpharmacy.co.uk,324.00,2026-10-04,,
Mounjaro,tirzepatide,weekly injection,Mounjaro,15mg,Chequp,9012707,chequp.com,329.00,2026-10-04,,
Mounjaro,tirzepatide,weekly injection,Mounjaro,15mg,Curate,9012358,curatehealth.co.uk,329.00,2026-10-04,,
Mounjaro,tirzepatide,weekly injection,Mounjaro,15mg,Medicspot,9012559,medicspot.co.uk,329.00,2026-10-04,,
Mounjaro,tirzepatide,weekly injection,Mounjaro,15mg,Assured Pharmacy,1121967,assuredpharmacy.co.uk,329.95,2026-10-04,,
Mounjaro,tirzepatide,weekly injection,Mounjaro,15mg,Quick Meds,9012521,quickmeds.co.uk,329.95,2026-10-04,,
Mounjaro,tirzepatide,weekly injection,Mounjaro,15mg,The Independent Pharmacy,9012559,theindependentpharmacy.co.uk,329.99,2026-10-04,,
Mounjaro,tirzepatide,weekly injection,Mounjaro,15mg,Webmed Pharmacy,9011118,webmedpharmacy.co.uk,330.00,2026-10-04,,
Mounjaro,tirzepatide,weekly injection,Mounjaro,15mg,Boots Online Doctor,1030075,onlinedoctor.boots.com,339.00,2026-10-04,,
Mounjaro,tirzepatide,weekly injection,Mounjaro,15mg,Juniper,9011842,myjuniper.co.uk,339.00,2026-10-04,,
Mounjaro,tirzepatide,weekly injection,Mounjaro,15mg,Superdrug,9010736,onlinedoctor.superdrug.com,339.00,2026-10-04,,
Mounjaro,tirzepatide,weekly injection,Mounjaro,15mg,Numan,9011408,numan.com,359.00,2026-10-04,,
Mounjaro,tirzepatide,weekly injection,Mounjaro,15mg,Voy,9012134,joinvoy.com,359.00,2026-10-04,,
Orlistat,orlistat,capsule,Alli,60mg,Click Pharmacy,9011460,clickpharmacy.co.uk,34.99,2026-10-04,,
Orlistat,orlistat,capsule,Alli,60mg,Medicine Market place,1116946,medicinemarketplace.com,37.99,2026-10-04,,
Orlistat,orlistat,capsule,Alli,60mg,Happy Pharmacy,9012585,happypharmacy.co.uk,39.98,2026-10-04,,
Orlistat,orlistat,capsule,Alli,60mg,Asda,1116105,onlinedoctor.asda.com,39.99,2026-10-04,,
Orlistat,orlistat,capsule,Alli,60mg,Click 2 Pharmacy,1033781,click2pharmacy.co.uk,39.99,2026-10-04,,
Orlistat,orlistat,capsule,Alli,60mg,Farmeci,9011790,farmeci.com,44.99,2026-10-04,,
Orlistat,orlistat,capsule,Alli,60mg,Pharmica,9012030,pharmica.co.uk,44.99,2026-10-04,,
Orlistat,orlistat,capsule,Alli,60mg,Curely,9012401,curely.co.uk,45.99,2026-10-04,,
Orlistat,orlistat,capsule,Alli,60mg,Rightangled Pharmacy,9011933,rightangled.com,45.99,2026-10-04,,
Orlistat,orlistat,capsule,Alli,60mg,Cured Pharmacy,9012511,curedpharmacy.com,46.50,2026-10-04,,
Orlistat,orlistat,capsule,Alli,60mg,Chemist4U,9011784,chemist-4-u.com,49.99,2026-10-04,,
Orlistat,orlistat,capsule,Alli,60mg,Medino,9011921,medino.com,51.49,2026-10-04,,
Orlistat,orlistat,capsule,Alli,60mg,Medexpress,9012633,medexpress.co.uk,55.99,2026-10-04,,
Orlistat,orlistat,capsule,Alli,60mg,Medicspot,9012559,medicspot.co.uk,59.00,2026-10-04,,
Orlistat,orlistat,capsule,Alli,60mg,Treated,9010946,treated.com,61.95,2026-10-04,,
Orlistat,orlistat,capsule,Alli,60mg,Numan,9011408,numan.com,85.00,2026-10-04,,
Orlistat,orlistat,capsule,Alli,60mg,Zava,9012701,zavamed.com,99.00,2026-10-04,,
Orlistat,orlistat,capsule,Orlistat,120mg,Oxford Online Pharmacy,9012205,oxfordonlinepharmacy.co.uk,28.98,2026-10-04,,
Orlistat,orlistat,capsule,Orlistat,120mg,Chemist4U,9011784,chemist-4-u.com,33.59,2026-10-04,,
Orlistat,orlistat,capsule,Orlistat,120mg,Medicine Market place,1116946,medicinemarketplace.com,33.90,2026-10-04,,
Orlistat,orlistat,capsule,Orlistat,120mg,Ashcroft Pharmacy,9012896,ashcroftpharmacy.co.uk,33.98,2026-10-04,,
Orlistat,orlistat,capsule,Orlistat,120mg,Cloud Pharmacy,9012073,cloudpharmacy.co.uk,33.98,2026-10-04,,
Orlistat,orlistat,capsule,Orlistat,120mg,Click 2 Pharmacy,1033781,click2pharmacy.co.uk,33.99,2026-10-04,,
Orlistat,orlistat,capsule,Orlistat,120mg,Pharmacy Online,9011378,pharmacyonline.co.uk,33.99,2026-10-04,,
Orlistat,orlistat,capsule,Orlistat,120mg,Treat Discreet,1103343,treatdiscreet.co.uk,33.99,2026-10-04,,
Orlistat,orlistat,capsule,Orlistat,120mg,Curely,9012401,curely.co.uk,34.49,2026-10-04,,
Orlistat,orlistat,capsule,Orlistat,120mg,Peak Pharmacy,9012214,peakpharmacy.co.uk,34.50,2026-10-04,,
Orlistat,orlistat,capsule,Orlistat,120mg,Farmeci,9011790,farmeci.com,34.97,2026-10-04,,
Orlistat,orlistat,capsule,Orlistat,120mg,My London Pharmacy,9012851,mylondonpharmacy.co.uk,34.97,2026-10-04,,
Orlistat,orlistat,capsule,Orlistat,120mg,Happy Pharmacy,9012585,happypharmacy.co.uk,34.98,2026-10-04,,
Orlistat,orlistat,capsule,Orlistat,120mg,health express,9011703,healthexpress.co.uk,34.99,2026-10-04,,
Orlistat,orlistat,capsule,Orlistat,120mg,Rightangled Pharmacy,9011933,rightangled.com,35.99,2026-10-04,,
Orlistat,orlistat,capsule,Orlistat,120mg,The Family Chemist,9012915,thefamilychemist.co.uk,35.99,2026-10-04,,
Orlistat,orlistat,capsule,Orlistat,120mg,IQ Doctor,9010411,iqdoctor.co.uk,37.99,2026-10-04,,
Orlistat,orlistat,capsule,Orlistat,120mg,Oushk,9012610,oushkpharmacy.com,38.00,2026-10-04,,
Orlistat,orlistat,capsule,Orlistat,120mg,Medexpress,9012633,medexpress.co.uk,38.99,2026-10-04,,
Orlistat,orlistat,capsule,Orlistat,120mg,E-Surgery,9012167,e-surgery.com,39.95,2026-10-04,,
Orlistat,orlistat,capsule,Orlistat,120mg,Pharmica,9012030,pharmica.co.uk,39.99,2026-10-04,,
Orlistat,orlistat,capsule,Orlistat,120mg,The Care Pharmacy,9010308,thecarepharmacy.com,39.99,2026-10-04,TCP10,£10 Off
Orlistat,orlistat,capsule,Orlistat,120mg,Asda,1116105,onlinedoctor.asda.com,44.00,2026-10-04,,
Orlistat,orlistat,capsule,Orlistat,120mg,Weprescribe,9012132,weprescribe.co.uk,44.99,2026-10-04,,
Orlistat,orlistat,capsule,Orlistat,120mg,Zava,9012701,zavamed.com,45.00,2026-10-04,,
Orlistat,orlistat,capsule,Orlistat,120mg,Quick Meds,9012521,quickmeds.co.uk,45.99,2026-10-04,,
Orlistat,orlistat,capsule,Orlistat,120mg,Medicspot,9012559,medicspot.co.uk,49.00,2026-10-04,,
Orlistat,orlistat,capsule,Orlistat,120mg,Boots Online Doctor,1030075,onlinedoctor.boots.com,50.00,2026-10-04,,
Orlistat,orlistat,capsule,Orlistat,120mg,Click Pharmacy,9011460,clickpharmacy.co.uk,57.99,2026-10-04,,
Orlistat,orlistat,capsule,Orlistat,120mg,Treated,9010946,treated.com,61.95,2026-10-04,,
Orlistat,orlistat,capsule,Orlistat,120mg,Cured Pharmacy,9012511,curedpharmacy.com,65.00,2026-10-04,,
Orlistat,orlistat,capsule,Orlistat,120mg,Phlo Clinic,9011171,phloclinic.co.uk,89.00,2026-10-04,,
Orlistat,orlistat,capsule,Xenical,120mg,Medicine Market place,1116946,medicinemarketplace.com,39.69,2026-10-04,,
Orlistat,orlistat,capsule,Xenical,120mg,Rightangled Pharmacy,9011933,rightangled.com,39.99,2026-10-04,,
Orlistat,orlistat,capsule,Xenical,120mg,Click 2 Pharmacy,1033781,click2pharmacy.co.uk,43.49,2026-10-04,,
Orlistat,orlistat,capsule,Xenical,120mg,Oxford Online Pharmacy,9012205,oxfordonlinepharmacy.co.uk,44.19,2026-10-04,,
Orlistat,orlistat,capsule,Xenical,120mg,Cloud Pharmacy,9012073,cloudpharmacy.co.uk,44.50,2026-10-04,,
Orlistat,orlistat,capsule,Xenical,120mg,Farmeci,9011790,farmeci.com,44.50,2026-10-04,,
Orlistat,orlistat,capsule,Xenical,120mg,My London Pharmacy,9012851,mylondonpharmacy.co.uk,44.50,2026-10-04,,
Orlistat,orlistat,capsule,Xenical,120mg,Dr Weightmans,1092500,drweightmans.com,45.00,2026-10-04,,
Orlistat,orlistat,capsule,Xenical,120mg,Chemist4U,9011784,chemist-4-u.com,45.99,2026-10-04,,
Orlistat,orlistat,capsule,Xenical,120mg,Pharmacy Online,9011378,pharmacyonline.co.uk,45.99,2026-10-04,,
Orlistat,orlistat,capsule,Xenical,120mg,Curely,9012401,curely.co.uk,46.99,2026-10-04,,
Orlistat,orlistat,capsule,Xenical,120mg,E-Surgery,9012167,e-surgery.com,49.95,2026-10-04,,
Orlistat,orlistat,capsule,Xenical,120mg,Cured Pharmacy,9012511,curedpharmacy.com,49.99,2026-10-04,,
Orlistat,orlistat,capsule,Xenical,120mg,Medino,9011921,medino.com,49.99,2026-10-04,,
Orlistat,orlistat,capsule,Xenical,120mg,The Family Chemist,9012915,thefamilychemist.co.uk,49.99,2026-10-04,,
Orlistat,orlistat,capsule,Xenical,120mg,Weprescribe,9012132,weprescribe.co.uk,49.99,2026-10-04,,
Orlistat,orlistat,capsule,Xenical,120mg,Asda,1116105,onlinedoctor.asda.com,52.00,2026-10-04,,
Orlistat,orlistat,capsule,Xenical,120mg,Boots Online Doctor,1030075,onlinedoctor.boots.com,58.00,2026-10-04,,
Orlistat,orlistat,capsule,Xenical,120mg,Medicspot,9012559,medicspot.co.uk,59.00,2026-10-04,,
Orlistat,orlistat,capsule,Xenical,120mg,Zava,9012701,zavamed.com,59.95,2026-10-04,,
Orlistat,orlistat,capsule,Xenical,120mg,health express,9011703,healthexpress.co.uk,59.99,2026-10-04,,
Orlistat,orlistat,capsule,Xenical,120mg,Treated,9010946,treated.com,61.95,2026-10-04,,
Orlistat,orlistat,capsule,Xenical,120mg,Ashcroft Pharmacy,9012896,ashcroftpharmacy.co.uk,65.99,2026-10-04,,
Orlistat,orlistat,capsule,Xenical,120mg,Click Pharmacy,9011460,clickpharmacy.co.uk,66.99,2026-10-04,,
Orlistat,orlistat,capsule,Xenical,120mg,IQ Doctor,9010411,iqdoctor.co.uk,66.99,2026-10-04,,
Orlistat,orlistat,capsule,Xenical,120mg,Medexpress,9012633,medexpress.co.uk,68.99,2026-10-04,,
Orlistat,orlistat,capsule,Xenical,120mg,Pharmica,9012030,pharmica.co.uk,68.99,2026-10-04,,
Wegovy injection,semaglutide,weekly injection,Wegovy injection,0.25mg,New Health,9011199,new.co.uk,49.00,2026-10-04,,
Wegovy injection,semaglutide,weekly injection,Wegovy injection,0.25mg,Lotus Weight Loss,9011284,lotusweightloss.co.uk,54.00,2026-10-06,LWSAVE40,£45 off all doses for new customers
Wegovy injection,semaglutide,weekly injection,Wegovy injection,0.25mg,Pharmacy Planet,9010288,pharmacyplanet.com,75.00,2026-10-04,,
Wegovy injection,semaglutide,weekly injection,Wegovy injection,0.25mg,Morrisons Clinic,9011171,clinic.morrisons.com,79.00,2026-10-04,,
Wegovy injection,semaglutide,weekly injection,Wegovy injection,0.25mg,SheMed,9012578,shemed.co.uk,79.00,2026-10-04,,
Wegovy injection,semaglutide,weekly injection,Wegovy injection,0.25mg,Boots Online Doctor,1030075,onlinedoctor.boots.com,79.97,2026-10-04,,
Wegovy injection,semaglutide,weekly injection,Wegovy injection,0.25mg,Cuva Health,9012581,cuvahealth.co.uk,84.00,2026-10-04,MED6,£6 off for New Customers Only
Wegovy injection,semaglutide,weekly injection,Wegovy injection,0.25mg,Asda,1116105,onlinedoctor.asda.com,88.97,2026-10-04,,
Wegovy injection,semaglutide,weekly injection,Wegovy injection,0.25mg,Cured Pharmacy,9012511,curedpharmacy.com,89.00,2026-10-04,,
Wegovy injection,semaglutide,weekly injection,Wegovy injection,0.25mg,Medicspot,9012559,medicspot.co.uk,89.00,2026-10-04,,
Wegovy injection,semaglutide,weekly injection,Wegovy injection,0.25mg,Phlo Clinic,9011171,phloclinic.co.uk,89.00,2026-10-04,,
Wegovy injection,semaglutide,weekly injection,Wegovy injection,0.25mg,Assured Pharmacy,1121967,assuredpharmacy.co.uk,89.95,2026-10-04,,
Wegovy injection,semaglutide,weekly injection,Wegovy injection,0.25mg,Happy Pharmacy,9012585,happypharmacy.co.uk,89.99,2026-10-04,,
Wegovy injection,semaglutide,weekly injection,Wegovy injection,0.25mg,Dr Weightmans,1092500,drweightmans.com,90.00,2026-10-04,,
Wegovy injection,semaglutide,weekly injection,Wegovy injection,0.25mg,Farmeci,9011790,farmeci.com,91.00,2026-10-04,MEDFARM10,10% off New Customers Only
Wegovy injection,semaglutide,weekly injection,Wegovy injection,0.25mg,My London Pharmacy,9012851,mylondonpharmacy.co.uk,91.00,2026-10-04,MEDMLP10,10% off New Customers Only
Wegovy injection,semaglutide,weekly injection,Wegovy injection,0.25mg,Pillsorted,9011258,pillsorted.com,91.00,2026-10-04,,
Wegovy injection,semaglutide,weekly injection,Wegovy injection,0.25mg,Medicine Market place,1116946,medicinemarketplace.com,92.00,2026-10-04,,
Wegovy injection,semaglutide,weekly injection,Wegovy injection,0.25mg,Fylde Clinic,9012835,fyldeclinic.co.uk,94.00,2026-10-04,,
Wegovy injection,semaglutide,weekly injection,Wegovy injection,0.25mg,AYP Healthcare,9011523,ayp.healthcare,94.99,2026-10-04,,
Wegovy injection,semaglutide,weekly injection,Wegovy injection,0.25mg,Pharmacy2U,9010146,pharmacy2u.co.uk,94.99,2026-10-04,,
Wegovy injection,semaglutide,weekly injection,Wegovy injection,0.25mg,Pills2U,9012634,pills2u.co.uk,94.99,2026-10-04,MedEazy,£10 off first orders and free delivery
Wegovy injection,semaglutide,weekly injection,Wegovy injection,0.25mg,Medino,9011921,medino.com,95.99,2026-10-04,,
Wegovy injection,semaglutide,weekly injection,Wegovy injection,0.25mg,Private Doc,1107567,privatedoc.com,97.00,2026-10-04,,
Wegovy injection,semaglutide,weekly injection,Wegovy injection,0.25mg,Chemist4U,9011784,chemist-4-u.com,99.00,2026-10-04,,
Wegovy injection,semaglutide,weekly injection,Wegovy injection,0.25mg,Fella,9013085,fellahealth.com,99.00,2026-10-04,,
Wegovy injection,semaglutide,weekly injection,Wegovy injection,0.25mg,Get A Drip,9012347,getadrip.shop,99.00,2026-10-04,,
Wegovy injection,semaglutide,weekly injection,Wegovy injection,0.25mg,Peak Pharmacy,9012214,peakpharmacy.co.uk,99.00,2026-10-04,,
Wegovy injection,semaglutide,weekly injection,Wegovy injection,0.25mg,Second Nature,9010938,secondnature.io,99.00,2026-10-04,,
Wegovy injection,semaglutide,weekly injection,Wegovy injection,0.25mg,Simple Online Pharmacy,9011287,simpleonlinepharmacy.co.uk,99.00,2026-10-04,,
Wegovy injection,semaglutide,weekly injection,Wegovy injection,0.25mg,Superdrug,9010736,onlinedoctor.superdrug.com,99.00,2026-10-04,,
Wegovy injection,semaglutide,weekly injection,Wegovy injection,0.25mg,Swift Doctor,9012809,swift-doctor.com,99.00,2026-10-04,SWIFTD5 and SWIFTD10,Spend £99 for £5 off or £149 for £10 off
Wegovy injection,semaglutide,weekly injection,Wegovy injection,0.25mg,Trim,9012710,gettrim.co.uk,99.00,2026-10-04,Click Visit for £30 off,£30 off New Customers Only
Wegovy injection,semaglutide,weekly injection,Wegovy injection,0.25mg,YourDose Pharmacy,9013045,yourdosepharmacy.co.uk,99.00,2026-10-04,YD10,£10 off with free delivery for new customers
Wegovy injection,semaglutide,weekly injection,Wegovy injection,0.25mg,Zava,9012701,zavamed.com,99.00,2026-10-04,,
Wegovy injection,semaglutide,weekly injection,Wegovy injection,0.25mg,Curely,9012401,curely.co.uk,99.49,2026-10-04,,
Wegovy injection,semaglutide,weekly injection,Wegovy injection,0.25mg,Pharmacy Express,9012468,pharmacy-express.co.uk,99.49,2026-10-04,,
Wegovy injection,semaglutide,weekly injection,Wegovy injection,0.25mg,Lloyds Pharmacy,9011437,onlinedoctor.lloydspharmacy.com,99.99,2026-10-04,,
Wegovy injection,semaglutide,weekly injection,Wegovy injection,0.25mg,Medexpress,9012633,medexpress.co.uk,99.99,2026-10-04,,
Wegovy injection,semaglutide,weekly injection,Wegovy injection,0.25mg,Oxford Online Pharmacy,9012205,oxfordonlinepharmacy.co.uk,99.99,2026-10-04,,
Wegovy injection,semaglutide,weekly injection,Wegovy injection,0.25mg,Pharmacy Online,9011378,pharmacyonline.co.uk,99.99,2026-10-04,,
Wegovy injection,semaglutide,weekly injection,Wegovy injection,0.25mg,Rightangled Pharmacy,9011933,rightangled.com,99.99,2026-10-04,,
Wegovy injection,semaglutide,weekly injection,Wegovy injection,0.25mg,Simply Meds Online,9010764,simplymedsonline.co.uk,99.99,2026-10-04,,
Wegovy injection,semaglutide,weekly injection,Wegovy injection,0.25mg,The Care Pharmacy,9010308,thecarepharmacy.com,99.99,2026-10-04,TCP10,£10 Off
Wegovy injection,semaglutide,weekly injection,Wegovy injection,0.25mg,The Family Chemist,9012915,thefamilychemist.co.uk,99.99,2026-10-04,,
Wegovy injection,semaglutide,weekly injection,Wegovy injection,0.25mg,Click Pharmacy,9011460,clickpharmacy.co.uk,103.99,2026-10-04,,
Wegovy injection,semaglutide,weekly injection,Wegovy injection,0.25mg,The Independent Pharmacy,9012559,theindependentpharmacy.co.uk,104.99,2026-10-04,,
Wegovy injection,semaglutide,weekly injection,Wegovy injection,0.25mg,Live Well Weight Loss,9012516,livewellweightloss.co.uk,105.00,2026-10-04,FIRST5,£5 off for all customers
Wegovy injection,semaglutide,weekly injection,Wegovy injection,0.25mg,Pharmacy Advance,9012423,pharmacyadvance.co.uk,105.99,2026-10-04,,
Wegovy injection,semaglutide,weekly injection,Wegovy injection,0.25mg,Tribelle,9012688,tribelle.co.uk,106.00,2026-10-04,,
Wegovy injection,semaglutide,weekly injection,Wegovy injection,0.25mg,Curate,9012358,curatehealth.co.uk,108.00,2026-10-04,,
Wegovy injection,semaglutide,weekly injection,Wegovy injection,0.25mg,Click 2 Pharmacy,1033781,click2pharmacy.co.uk,109.00,2026-10-04,,
Wegovy injection,semaglutide,weekly injection,Wegovy injection,0.25mg,Pharmulous,9012252,pharmulous.co.uk,109.99,2026-10-04,,
Wegovy injection,semaglutide,weekly injection,Wegovy injection,0.25mg,Quick Meds,9012521,quickmeds.co.uk,114.95,2026-10-04,,
Wegovy injection,semaglutide,weekly injection,Wegovy injection,0.25mg,Cloud Pharmacy,9012073,cloudpharmacy.co.uk,114.99,2026-10-04,,
Wegovy injection,semaglutide,weekly injection,Wegovy injection,0.25mg,Weprescribe,9012132,weprescribe.co.uk,114.99,2026-10-04,,
Wegovy injection,semaglutide,weekly injection,Wegovy injection,0.25mg,E-Surgery,9012167,e-surgery.com,117.64,2026-10-04,,
Wegovy injection,semaglutide,weekly injection,Wegovy injection,0.25mg,Bolt Pharmacy,9013085,boltpharmacy.co.uk,119.00,2026-10-04,,
Wegovy injection,semaglutide,weekly injection,Wegovy injection,0.25mg,MSH Weight Loss,9012599,mshweightloss.co.uk,119.00,2026-10-04,,
Wegovy injection,semaglutide,weekly injection,Wegovy injection,0.25mg,MYBMI,9011784,my-bmi.co.uk,119.00,2026-10-04,,
Wegovy injection,semaglutide,weekly injection,Wegovy injection,0.25mg,Pharmica,9012030,pharmica.co.uk,119.99,2026-10-04,,
Wegovy injection,semaglutide,weekly injection,Wegovy injection,0.25mg,Ashcroft Pharmacy,9012896,ashcroftpharmacy.co.uk,120.00,2026-10-04,,
Wegovy injection,semaglutide,weekly injection,Wegovy injection,0.25mg,IQ Doctor,9010411,iqdoctor.co.uk,122.99,2026-10-04,,
Wegovy injection,semaglutide,weekly injection,Wegovy injection,0.25mg,Oushk,9012610,oushkpharmacy.com,125.00,2026-10-04,EAZY40 and EAZY15,"£40 off New Customers, £15 off Returning"
Wegovy injection,semaglutide,weekly injection,Wegovy injection,0.25mg,Pharmalogic Chemist,1103968,pharmalogic.co.uk,125.00,2026-10-04,,
Wegovy injection,semaglutide,weekly injection,Wegovy injection,0.25mg,Chequp,9012707,chequp.com,129.00,2026-10-04,,
Wegovy injection,semaglutide,weekly injection,Wegovy injection,0.25mg,Numan,9011408,numan.com,129.00,2026-10-04,,
Wegovy injection,semaglutide,weekly injection,Wegovy injection,0.25mg,Yourpharmacy,9012029,yourpharmacy.uk,129.00,2026-10-04,,
Wegovy injection,semaglutide,weekly injection,Wegovy injection,0.25mg,Voy,9012134,joinvoy.com,144.00,2026-10-04,,
Wegovy injection,semaglutide,weekly injection,Wegovy injection,0.25mg,Webmed Pharmacy,9011118,webmedpharmacy.co.uk,149.00,2026-10-04,,
Wegovy injection,semaglutide,weekly injection,Wegovy injection,0.25mg,Juniper,9011842,myjuniper.co.uk,164.00,2026-10-04,,
Wegovy injection,semaglutide,weekly injection,Wegovy injection,0.25mg,health express,9011703,healthexpress.co.uk,169.00,2026-10-04,,
Wegovy injection,semaglutide,weekly injection,Wegovy injection,0.25mg,Treated,9010946,uk.treated.com,169.95,2026-10-04,,
Wegovy injection,semaglutide,weekly injection,Wegovy injection,0.5mg,New Health,9011199,new.co.uk,68.00,2026-10-04,,
Wegovy injection,semaglutide,weekly injection,Wegovy injection,0.5mg,Lotus Weight Loss,9011284,lotusweightloss.co.uk,75.00,2026-10-06,LWSAVE40,£45 off all doses for new customers
Wegovy injection,semaglutide,weekly injection,Wegovy injection,0.5mg,Cuva Health,9012581,cuvahealth.co.uk,89.99,2026-10-04,MED6,£6 off for New Customers Only
Wegovy injection,semaglutide,weekly injection,Wegovy injection,0.5mg,Medicine Market place,1116946,medicinemarketplace.com,92.00,2026-10-04,,
Wegovy injection,semaglutide,weekly injection,Wegovy injection,0.5mg,Pills2U,9012634,pills2u.co.uk,94.99,2026-10-04,MedEazy,£10 off first orders and free delivery
Wegovy injection,semaglutide,weekly injection,Wegovy injection,0.5mg,Pharmacy Planet,9010288,pharmacyplanet.com,95.00,2026-10-04,,
Wegovy injection,semaglutide,weekly injection,Wegovy injection,0.5mg,Fylde Clinic,9012835,fyldeclinic.co.uk,98.00,2026-10-04,,
Wegovy injection,semaglutide,weekly injection,Wegovy injection,0.5mg,Pillsorted,9011258,pillsorted.com,98.00,2026-10-04,,
Wegovy injection,semaglutide,weekly injection,Wegovy injection,0.5mg,AYP Healthcare,9011523,ayp.healthcare,98.99,2026-10-04,,
Wegovy injection,semaglutide,weekly injection,Wegovy injection,0.5mg,Swift Doctor,9012809,swift-doctor.com,99.00,2026-10-04,SWIFTD5 and SWIFTD10,Spend £99 for £5 off or £149 for £10 off
Wegovy injection,semaglutide,weekly injection,Wegovy injection,0.5mg,Medino,9011921,medino.com,99.99,2026-10-04,,
Wegovy injection,semaglutide,weekly injection,Wegovy injection,0.5mg,Dr Weightmans,1092500,drweightmans.com,100.00,2026-10-04,,
Wegovy injection,semaglutide,weekly injection,Wegovy injection,0.5mg,Happy Pharmacy,9012585,happypharmacy.co.uk,104.99,2026-10-04,,
Wegovy injection,semaglutide,weekly injection,Wegovy injection,0.5mg,Pharmacy Express,9012468,pharmacy-express.co.uk,104.99,2026-10-04,,
Wegovy injection,semaglutide,weekly injection,Wegovy injection,0.5mg,Pharmacy Online,9011378,pharmacyonline.co.uk,104.99,2026-10-04,,
Wegovy injection,semaglutide,weekly injection,Wegovy injection,0.5mg,Tribelle,9012688,tribelle.co.uk,106.00,2026-10-04,,
Wegovy injection,semaglutide,weekly injection,Wegovy injection,0.5mg,Asda,1116105,onlinedoctor.asda.com,108.97,2026-10-04,,
Wegovy injection,semaglutide,weekly injection,Wegovy injection,0.5mg,Chemist4U,9011784,chemist-4-u.com,109.00,2026-10-04,,
Wegovy injection,semaglutide,weekly injection,Wegovy injection,0.5mg,Click 2 Pharmacy,1033781,click2pharmacy.co.uk,109.00,2026-10-04,,
Wegovy injection,semaglutide,weekly injection,Wegovy injection,0.5mg,Cured Pharmacy,9012511,curedpharmacy.com,109.00,2026-10-04,,
Wegovy injection,semaglutide,weekly injection,Wegovy injection,0.5mg,Fella,9013085,fellahealth.com,109.00,2026-10-04,,
Wegovy injection,semaglutide,weekly injection,Wegovy injection,0.5mg,Get A Drip,9012347,getadrip.shop,109.00,2026-10-04,,
Wegovy injection,semaglutide,weekly injection,Wegovy injection,0.5mg,Live Well Weight Loss,9012516,livewellweightloss.co.uk,109.00,2026-10-04,FIRST5,£5 off for all customers
Wegovy injection,semaglutide,weekly injection,Wegovy injection,0.5mg,Medicspot,9012559,medicspot.co.uk,109.00,2026-10-04,,
Wegovy injection,semaglutide,weekly injection,Wegovy injection,0.5mg,YourDose Pharmacy,9013045,yourdosepharmacy.co.uk,109.00,2026-10-04,YD10,£10 off with free delivery for new customers
Wegovy injection,semaglutide,weekly injection,Wegovy injection,0.5mg,Curely,9012401,curely.co.uk,109.99,2026-10-04,,
Wegovy injection,semaglutide,weekly injection,Wegovy injection,0.5mg,Simply Meds Online,9010764,simplymedsonline.co.uk,109.99,2026-10-04,,
Wegovy injection,semaglutide,weekly injection,Wegovy injection,0.5mg,Peak Pharmacy,9012214,peakpharmacy.co.uk,110.00,2026-10-04,,
Wegovy injection,semaglutide,weekly injection,Wegovy injection,0.5mg,Farmeci,9011790,farmeci.com,114.00,2026-10-04,MEDFARM10,10% off New Customers Only
Wegovy injection,semaglutide,weekly injection,Wegovy injection,0.5mg,My London Pharmacy,9012851,mylondonpharmacy.co.uk,114.00,2026-10-04,MEDMLP10,10% off New Customers Only
Wegovy injection,semaglutide,weekly injection,Wegovy injection,0.5mg,Boots Online Doctor,1030075,onlinedoctor.boots.com,114.97,2026-10-04,,
Wegovy injection,semaglutide,weekly injection,Wegovy injection,0.5mg,Pharmacy2U,9010146,pharmacy2u.co.uk,114.99,2026-10-04,,
Wegovy injection,semaglutide,weekly injection,Wegovy injection,0.5mg,Pharmulous,9012252,pharmulous.co.uk,114.99,2026-10-04,,
Wegovy injection,semaglutide,weekly injection,Wegovy injection,0.5mg,Oxford Online Pharmacy,9012205,oxfordonlinepharmacy.co.uk,118.96,2026-10-04,,
Wegovy injection,semaglutide,weekly injection,Wegovy injection,0.5mg,Simple Online Pharmacy,9011287,simpleonlinepharmacy.co.uk,119.00,2026-10-04,,
Wegovy injection,semaglutide,weekly injection,Wegovy injection,0.5mg,Superdrug,9010736,onlinedoctor.superdrug.com,119.00,2026-10-04,,
Wegovy injection,semaglutide,weekly injection,Wegovy injection,0.5mg,Quick Meds,9012521,quickmeds.co.uk,119.95,2026-10-04,,
Wegovy injection,semaglutide,weekly injection,Wegovy injection,0.5mg,Cloud Pharmacy,9012073,cloudpharmacy.co.uk,119.99,2026-10-04,,
Wegovy injection,semaglutide,weekly injection,Wegovy injection,0.5mg,Lloyds Pharmacy,9011437,onlinedoctor.lloydspharmacy.com,119.99,2026-10-04,,
Wegovy injection,semaglutide,weekly injection,Wegovy injection,0.5mg,Medexpress,9012633,medexpress.co.uk,119.99,2026-10-04,,
Wegovy injection,semaglutide,weekly injection,Wegovy injection,0.5mg,Pharmacy Advance,9012423,pharmacyadvance.co.uk,119.99,2026-10-04,,
Wegovy injection,semaglutide,weekly injection,Wegovy injection,0.5mg,Rightangled Pharmacy,9011933,rightangled.com,119.99,2026-10-04,,
Wegovy injection,semaglutide,weekly injection,Wegovy injection,0.5mg,The Family Chemist,9012915,thefamilychemist.co.uk,119.99,2026-10-04,,
Wegovy injection,semaglutide,weekly injection,Wegovy injection,0.5mg,Weprescribe,9012132,weprescribe.co.uk,119.99,2026-10-04,,
Wegovy injection,semaglutide,weekly injection,Wegovy injection,0.5mg,Zava,9012701,zavamed.com,119.99,2026-10-04,,
Wegovy injection,semaglutide,weekly injection,Wegovy injection,0.5mg,Ashcroft Pharmacy,9012896,ashcroftpharmacy.co.uk,125.00,2026-10-04,,
Wegovy injection,semaglutide,weekly injection,Wegovy injection,0.5mg,IQ Doctor,9010411,iqdoctor.co.uk,127.99,2026-10-04,,
Wegovy injection,semaglutide,weekly injection,Wegovy injection,0.5mg,Curate,9012358,curatehealth.co.uk,128.00,2026-10-04,,
Wegovy injection,semaglutide,weekly injection,Wegovy injection,0.5mg,Bolt Pharmacy,9013085,boltpharmacy.co.uk,129.00,2026-10-04,,
Wegovy injection,semaglutide,weekly injection,Wegovy injection,0.5mg,MYBMI,9011784,my-bmi.co.uk,129.00,2026-10-04,,
Wegovy injection,semaglutide,weekly injection,Wegovy injection,0.5mg,Oushk,9012610,oushkpharmacy.com,129.00,2026-10-04,EAZY40 and EAZY15,"£40 off New Customers, £15 off Returning"
Wegovy injection,semaglutide,weekly injection,Wegovy injection,0.5mg,Second Nature,9010938,secondnature.io,129.00,2026-10-04,,
Wegovy injection,semaglutide,weekly injection,Wegovy injection,0.5mg,The Care Pharmacy,9010308,thecarepharmacy.com,129.99,2026-10-04,TCP10,£10 Off
Wegovy injection,semaglutide,weekly injection,Wegovy injection,0.5mg,The Independent Pharmacy,9012559,theindependentpharmacy.co.uk,129.99,2026-10-04,,
Wegovy injection,semaglutide,weekly injection,Wegovy injection,0.5mg,Pharmica,9012030,pharmica.co.uk,134.99,2026-10-04,,
Wegovy injection,semaglutide,weekly injection,Wegovy injection,0.5mg,Trim,9012710,gettrim.co.uk,135.00,2026-10-04,Click Visit for £30 off,£30 off New Customers Only
Wegovy injection,semaglutide,weekly injection,Wegovy injection,0.5mg,Private Doc,1107567,privatedoc.com,137.00,2026-10-04,,
Wegovy injection,semaglutide,weekly injection,Wegovy injection,0.5mg,Yourpharmacy,9012029,yourpharmacy.uk,138.00,2026-10-04,,
Wegovy injection,semaglutide,weekly injection,Wegovy injection,0.5mg,MSH Weight Loss,9012599,mshweightloss.co.uk,139.00,2026-10-04,,
Wegovy injection,semaglutide,weekly injection,Wegovy injection,0.5mg,Morrisons Clinic,9011171,clinic.morrisons.com,139.00,2026-10-04,,
Wegovy injection,semaglutide,weekly injection,Wegovy injection,0.5mg,Phlo Clinic,9011171,phloclinic.co.uk,139.00,2026-10-04,,
Wegovy injection,semaglutide,weekly injection,Wegovy injection,0.5mg,SheMed,9012578,shemed.co.uk,139.00,2026-10-04,,
Wegovy injection,semaglutide,weekly injection,Wegovy injection,0.5mg,Assured Pharmacy,1121967,assuredpharmacy.co.uk,139.95,2026-10-04,,
Wegovy injection,semaglutide,weekly injection,Wegovy injection,0.5mg,E-Surgery,9012167,e-surgery.com,141.12,2026-10-04,,
Wegovy injection,semaglutide,weekly injection,Wegovy injection,0.5mg,Click Pharmacy,9011460,clickpharmacy.co.uk,147.99,2026-10-04,,
Wegovy injection,semaglutide,weekly injection,Wegovy injection,0.5mg,Chequp,9012707,chequp.com,149.00,2026-10-04,,
Wegovy injection,semaglutide,weekly injection,Wegovy injection,0.5mg,Webmed Pharmacy,9011118,webmedpharmacy.co.uk,152.00,2026-10-04,,
Wegovy injection,semaglutide,weekly injection,Wegovy injection,0.5mg,Pharmalogic Chemist,1103968,pharmalogic.co.uk,155.00,2026-10-04,,
Wegovy injection,semaglutide,weekly injection,Wegovy injection,0.5mg,Numan,9011408,numan.com,159.00,2026-10-04,,
Wegovy injection,semaglutide,weekly injection,Wegovy injection,0.5mg,Juniper,9011842,myjuniper.co.uk,164.00,2026-10-04,,
Wegovy injection,semaglutide,weekly injection,Wegovy injection,0.5mg,Voy,9012134,joinvoy.com,169.00,2026-10-04,,
Wegovy injection,semaglutide,weekly injection,Wegovy injection,0.5mg,health express,9011703,healthexpress.co.uk,169.00,2026-10-04,,
Wegovy injection,semaglutide,weekly injection,Wegovy injection,0.5mg,Treated,9010946,uk.treated.com,169.95,2026-10-04,,
Wegovy injection,semaglutide,weekly injection,Wegovy injection,1mg,Lotus Weight Loss,9011284,lotusweightloss.co.uk,75.00,2026-10-06,LWSAVE40,£45 off all doses for new customers
Wegovy injection,semaglutide,weekly injection,Wegovy injection,1mg,New Health,9011199,new.co.uk,75.00,2026-10-04,,
Wegovy injection,semaglutide,weekly injection,Wegovy injection,1mg,Medicine Market place,1116946,medicinemarketplace.com,92.00,2026-10-04,,
Wegovy injection,semaglutide,weekly injection,Wegovy injection,1mg,Pills2U,9012634,pills2u.co.uk,94.99,2026-10-04,MedEazy,£10 off first orders and free delivery
Wegovy injection,semaglutide,weekly injection,Wegovy injection,1mg,Cuva Health,9012581,cuvahealth.co.uk,95.99,2026-10-04,MED6,£6 off for New Customers Only
Wegovy injection,semaglutide,weekly injection,Wegovy injection,1mg,Fylde Clinic,9012835,fyldeclinic.co.uk,98.00,2026-10-04,,
Wegovy injection,semaglutide,weekly injection,Wegovy injection,1mg,AYP Healthcare,9011523,ayp.healthcare,98.99,2026-10-04,,
Wegovy injection,semaglutide,weekly injection,Wegovy injection,1mg,Swift Doctor,9012809,swift-doctor.com,99.00,2026-10-04,SWIFTD5 and SWIFTD10,Spend £99 for £5 off or £149 for £10 off
Wegovy injection,semaglutide,weekly injection,Wegovy injection,1mg,Medino,9011921,medino.com,105.99,2026-10-04,,
Wegovy injection,semaglutide,weekly injection,Wegovy injection,1mg,Pharmacy Planet,9010288,pharmacyplanet.com,108.00,2026-10-04,,
Wegovy injection,semaglutide,weekly injection,Wegovy injection,1mg,Pillsorted,9011258,pillsorted.com,108.00,2026-10-04,,
Wegovy injection,semaglutide,weekly injection,Wegovy injection,1mg,Click 2 Pharmacy,1033781,click2pharmacy.co.uk,109.00,2026-10-04,,
Wegovy injection,semaglutide,weekly injection,Wegovy injection,1mg,Live Well Weight Loss,9012516,livewellweightloss.co.uk,109.00,2026-10-04,FIRST5,£5 off for all customers
Wegovy injection,semaglutide,weekly injection,Wegovy injection,1mg,Pharmacy Online,9011378,pharmacyonline.co.uk,109.99,2026-10-04,,
Wegovy injection,semaglutide,weekly injection,Wegovy injection,1mg,Dr Weightmans,1092500,drweightmans.com,110.00,2026-10-04,,
Wegovy injection,semaglutide,weekly injection,Wegovy injection,1mg,Tribelle,9012688,tribelle.co.uk,111.00,2026-10-04,,
Wegovy injection,semaglutide,weekly injection,Wegovy injection,1mg,Farmeci,9011790,farmeci.com,114.00,2026-10-04,MEDFARM10,10% off New Customers Only
Wegovy injection,semaglutide,weekly injection,Wegovy injection,1mg,My London Pharmacy,9012851,mylondonpharmacy.co.uk,114.00,2026-10-04,MEDMLP10,10% off New Customers Only
Wegovy injection,semaglutide,weekly injection,Wegovy injection,1mg,Pharmacy Express,9012468,pharmacy-express.co.uk,114.99,2026-10-04,,
Wegovy injection,semaglutide,weekly injection,Wegovy injection,1mg,YourDose Pharmacy,9013045,yourdosepharmacy.co.uk,118.00,2026-10-04,YD10,£10 off with free delivery for new customers
Wegovy injection,semaglutide,weekly injection,Wegovy injection,1mg,Chemist4U,9011784,chemist-4-u.com,119.00,2026-10-04,,
Wegovy injection,semaglutide,weekly injection,Wegovy injection,1mg,Cured Pharmacy,9012511,curedpharmacy.com,119.00,2026-10-04,,
Wegovy injection,semaglutide,weekly injection,Wegovy injection,1mg,Fella,9013085,fellahealth.com,119.00,2026-10-04,,
Wegovy injection,semaglutide,weekly injection,Wegovy injection,1mg,Get A Drip,9012347,getadrip.shop,119.00,2026-10-04,,
Wegovy injection,semaglutide,weekly injection,Wegovy injection,1mg,Curely,9012401,curely.co.uk,119.99,2026-10-04,,
Wegovy injection,semaglutide,weekly injection,Wegovy injection,1mg,Pharmulous,9012252,pharmulous.co.uk,119.99,2026-10-04,,
Wegovy injection,semaglutide,weekly injection,Wegovy injection,1mg,Peak Pharmacy,9012214,peakpharmacy.co.uk,120.00,2026-10-04,,
Wegovy injection,semaglutide,weekly injection,Wegovy injection,1mg,Cloud Pharmacy,9012073,cloudpharmacy.co.uk,124.99,2026-10-04,,
Wegovy injection,semaglutide,weekly injection,Wegovy injection,1mg,Happy Pharmacy,9012585,happypharmacy.co.uk,124.99,2026-10-04,,
Wegovy injection,semaglutide,weekly injection,Wegovy injection,1mg,The Family Chemist,9012915,thefamilychemist.co.uk,124.99,2026-10-04,,
Wegovy injection,semaglutide,weekly injection,Wegovy injection,1mg,Ashcroft Pharmacy,9012896,ashcroftpharmacy.co.uk,125.00,2026-10-04,,
Wegovy injection,semaglutide,weekly injection,Wegovy injection,1mg,Simple Online Pharmacy,9011287,simpleonlinepharmacy.co.uk,125.00,2026-10-04,,
Wegovy injection,semaglutide,weekly injection,Wegovy injection,1mg,IQ Doctor,9010411,iqdoctor.co.uk,127.99,2026-10-04,,
Wegovy injection,semaglutide,weekly injection,Wegovy injection,1mg,Medicspot,9012559,medicspot.co.uk,129.00,2026-10-04,,
Wegovy injection,semaglutide,weekly injection,Wegovy injection,1mg,Quick Meds,9012521,quickmeds.co.uk,129.95,2026-10-04,,
Wegovy injection,semaglutide,weekly injection,Wegovy injection,1mg,Rightangled Pharmacy,9011933,rightangled.com,129.99,2026-10-04,,
Wegovy injection,semaglutide,weekly injection,Wegovy injection,1mg,Simply Meds Online,9010764,simplymedsonline.co.uk,129.99,2026-10-04,,
Wegovy injection,semaglutide,weekly injection,Wegovy injection,1mg,The Care Pharmacy,9010308,thecarepharmacy.com,129.99,2026-10-04,TCP10,£10 Off
Wegovy injection,semaglutide,weekly injection,Wegovy injection,1mg,Pharmacy Advance,9012423,pharmacyadvance.co.uk,132.99,2026-10-04,,
Wegovy injection,semaglutide,weekly injection,Wegovy injection,1mg,Curate,9012358,curatehealth.co.uk,135.00,2026-10-04,,
Wegovy injection,semaglutide,weekly injection,Wegovy injection,1mg,Oxford Online Pharmacy,9012205,oxfordonlinepharmacy.co.uk,138.96,2026-10-04,,
Wegovy injection,semaglutide,weekly injection,Wegovy injection,1mg,Asda,1116105,onlinedoctor.asda.com,138.97,2026-10-04,,
Wegovy injection,semaglutide,weekly injection,Wegovy injection,1mg,Bolt Pharmacy,9013085,boltpharmacy.co.uk,139.00,2026-10-04,,
Wegovy injection,semaglutide,weekly injection,Wegovy injection,1mg,MYBMI,9011784,my-bmi.co.uk,139.00,2026-10-04,,
Wegovy injection,semaglutide,weekly injection,Wegovy injection,1mg,Oushk,9012610,oushkpharmacy.com,139.00,2026-10-04,EAZY40 and EAZY15,"£40 off New Customers, £15 off Returning"
Wegovy injection,semaglutide,weekly injection,Wegovy injection,1mg,SheMed,9012578,shemed.co.uk,139.00,2026-10-04,,
Wegovy injection,semaglutide,weekly injection,Wegovy injection,1mg,Pharmica,9012030,pharmica.co.uk,139.99,2026-10-04,,
Wegovy injection,semaglutide,weekly injection,Wegovy injection,1mg,Weprescribe,9012132,weprescribe.co.uk,139.99,2026-10-04,,
Wegovy injection,semaglutide,weekly injection,Wegovy injection,1mg,Pharmacy2U,9010146,pharmacy2u.co.uk,144.99,2026-10-04,,
Wegovy injection,semaglutide,weekly injection,Wegovy injection,1mg,The Independent Pharmacy,9012559,theindependentpharmacy.co.uk,144.99,2026-10-04,,
Wegovy injection,semaglutide,weekly injection,Wegovy injection,1mg,Private Doc,1107567,privatedoc.com,147.00,2026-10-04,,
Wegovy injection,semaglutide,weekly injection,Wegovy injection,1mg,MSH Weight Loss,9012599,mshweightloss.co.uk,149.00,2026-10-04,,
Wegovy injection,semaglutide,weekly injection,Wegovy injection,1mg,Second Nature,9010938,secondnature.io,149.00,2026-10-04,,
Wegovy injection,semaglutide,weekly injection,Wegovy injection,1mg,Yourpharmacy,9012029,yourpharmacy.uk,149.00,2026-10-04,,
Wegovy injection,semaglutide,weekly injection,Wegovy injection,1mg,Lloyds Pharmacy,9011437,onlinedoctor.lloydspharmacy.com,149.99,2026-10-04,,
Wegovy injection,semaglutide,weekly injection,Wegovy injection,1mg,Medexpress,9012633,medexpress.co.uk,149.99,2026-10-04,,
Wegovy injection,semaglutide,weekly injection,Wegovy injection,1mg,Zava,9012701,zavamed.com,149.99,2026-10-04,,
Wegovy injection,semaglutide,weekly injection,Wegovy injection,1mg,Click Pharmacy,9011460,clickpharmacy.co.uk,151.99,2026-10-04,,
Wegovy injection,semaglutide,weekly injection,Wegovy injection,1mg,Webmed Pharmacy,9011118,webmedpharmacy.co.uk,152.00,2026-10-04,,
Wegovy injection,semaglutide,weekly injection,Wegovy injection,1mg,Pharmalogic Chemist,1103968,pharmalogic.co.uk,155.00,2026-10-04,,
Wegovy injection,semaglutide,weekly injection,Wegovy injection,1mg,Trim,9012710,gettrim.co.uk,155.00,2026-10-04,Click Visit for £30 off,£30 off New Customers Only
Wegovy injection,semaglutide,weekly injection,Wegovy injection,1mg,E-Surgery,9012167,e-surgery.com,158.76,2026-10-04,,
Wegovy injection,semaglutide,weekly injection,Wegovy injection,1mg,Assured Pharmacy,1121967,assuredpharmacy.co.uk,159.95,2026-10-04,,
Wegovy injection,semaglutide,weekly injection,Wegovy injection,1mg,Superdrug,9010736,onlinedoctor.superdrug.com,166.00,2026-10-04,,
Wegovy injection,semaglutide,weekly injection,Wegovy injection,1mg,Boots Online Doctor,1030075,onlinedoctor.boots.com,166.97,2026-10-04,,
Wegovy injection,semaglutide,weekly injection,Wegovy injection,1mg,Chequp,9012707,chequp.com,169.00,2026-10-04,,
Wegovy injection,semaglutide,weekly injection,Wegovy injection,1mg,Morrisons Clinic,9011171,clinic.morrisons.com,169.00,2026-10-04,,
Wegovy injection,semaglutide,weekly injection,Wegovy injection,1mg,Phlo Clinic,9011171,phloclinic.co.uk,169.00,2026-10-04,,
Wegovy injection,semaglutide,weekly injection,Wegovy injection,1mg,health express,9011703,healthexpress.co.uk,169.00,2026-10-04,,
Wegovy injection,semaglutide,weekly injection,Wegovy injection,1mg,Treated,9010946,uk.treated.com,169.95,2026-10-04,,
Wegovy injection,semaglutide,weekly injection,Wegovy injection,1mg,Juniper,9011842,myjuniper.co.uk,179.00,2026-10-04,,
Wegovy injection,semaglutide,weekly injection,Wegovy injection,1mg,Numan,9011408,numan.com,179.00,2026-10-04,,
Wegovy injection,semaglutide,weekly injection,Wegovy injection,1mg,Voy,9012134,joinvoy.com,189.00,2026-10-04,,
Wegovy injection,semaglutide,weekly injection,Wegovy injection,1.7mg,Lotus Weight Loss,9011284,lotusweightloss.co.uk,96.00,2026-10-06,LWSAVE40,£45 off all doses for new customers
Wegovy injection,semaglutide,weekly injection,Wegovy injection,1.7mg,New Health,9011199,new.co.uk,101.00,2026-10-04,,
Wegovy injection,semaglutide,weekly injection,Wegovy injection,1.7mg,Fylde Clinic,9012835,fyldeclinic.co.uk,109.00,2026-10-04,,
Wegovy injection,semaglutide,weekly injection,Wegovy injection,1.7mg,Medicine Market place,1116946,medicinemarketplace.com,117.00,2026-10-04,,
Wegovy injection,semaglutide,weekly injection,Wegovy injection,1.7mg,Dr Weightmans,1092500,drweightmans.com,125.00,2026-10-04,,
Wegovy injection,semaglutide,weekly injection,Wegovy injection,1.7mg,Pharmacy Planet,9010288,pharmacyplanet.com,125.00,2026-10-04,,
Wegovy injection,semaglutide,weekly injection,Wegovy injection,1.7mg,Swift Doctor,9012809,swift-doctor.com,130.00,2026-10-04,SWIFTD5 and SWIFTD10,Spend £99 for £5 off or £149 for £10 off
Wegovy injection,semaglutide,weekly injection,Wegovy injection,1.7mg,Pharmacy Online,9011378,pharmacyonline.co.uk,139.99,2026-10-04,,
Wegovy injection,semaglutide,weekly injection,Wegovy injection,1.7mg,AYP Healthcare,9011523,ayp.healthcare,148.99,2026-10-04,,
Wegovy injection,semaglutide,weekly injection,Wegovy injection,1.7mg,Medicspot,9012559,medicspot.co.uk,149.00,2026-10-04,,
Wegovy injection,semaglutide,weekly injection,Wegovy injection,1.7mg,Cloud Pharmacy,9012073,cloudpharmacy.co.uk,149.99,2026-10-04,,
Wegovy injection,semaglutide,weekly injection,Wegovy injection,1.7mg,Cuva Health,9012581,cuvahealth.co.uk,149.99,2026-10-04,MED6,£6 off for New Customers Only
Wegovy injection,semaglutide,weekly injection,Wegovy injection,1.7mg,Pills2U,9012634,pills2u.co.uk,154.99,2026-10-04,MedEazy,£10 off first orders and free delivery
Wegovy injection,semaglutide,weekly injection,Wegovy injection,1.7mg,Pillsorted,9011258,pillsorted.com,155.00,2026-10-04,,
Wegovy injection,semaglutide,weekly injection,Wegovy injection,1.7mg,Tribelle,9012688,tribelle.co.uk,155.00,2026-10-04,,
Wegovy injection,semaglutide,weekly injection,Wegovy injection,1.7mg,Farmeci,9011790,farmeci.com,159.00,2026-10-04,MEDFARM10,10% off New Customers Only
Wegovy injection,semaglutide,weekly injection,Wegovy injection,1.7mg,Fella,9013085,fellahealth.com,159.00,2026-10-04,,
Wegovy injection,semaglutide,weekly injection,Wegovy injection,1.7mg,Get A Drip,9012347,getadrip.shop,159.00,2026-10-04,,
Wegovy injection,semaglutide,weekly injection,Wegovy injection,1.7mg,Live Well Weight Loss,9012516,livewellweightloss.co.uk,159.00,2026-10-04,FIRST5,£5 off for all customers
Wegovy injection,semaglutide,weekly injection,Wegovy injection,1.7mg,My London Pharmacy,9012851,mylondonpharmacy.co.uk,159.00,2026-10-04,MEDMLP10,10% off New Customers Only
Wegovy injection,semaglutide,weekly injection,Wegovy injection,1.7mg,SheMed,9012578,shemed.co.uk,159.00,2026-10-04,,
Wegovy injection,semaglutide,weekly injection,Wegovy injection,1.7mg,YourDose Pharmacy,9013045,yourdosepharmacy.co.uk,159.00,2026-10-04,YD10,£10 off with free delivery for new customers
Wegovy injection,semaglutide,weekly injection,Wegovy injection,1.7mg,Quick Meds,9012521,quickmeds.co.uk,159.95,2026-10-04,,
Wegovy injection,semaglutide,weekly injection,Wegovy injection,1.7mg,Happy Pharmacy,9012585,happypharmacy.co.uk,159.99,2026-10-04,,
Wegovy injection,semaglutide,weekly injection,Wegovy injection,1.7mg,Pharmacy Express,9012468,pharmacy-express.co.uk,159.99,2026-10-04,,
Wegovy injection,semaglutide,weekly injection,Wegovy injection,1.7mg,Pharmulous,9012252,pharmulous.co.uk,159.99,2026-10-04,,
Wegovy injection,semaglutide,weekly injection,Wegovy injection,1.7mg,Peak Pharmacy,9012214,peakpharmacy.co.uk,160.00,2026-10-04,,
Wegovy injection,semaglutide,weekly injection,Wegovy injection,1.7mg,Oxford Online Pharmacy,9012205,oxfordonlinepharmacy.co.uk,168.96,2026-10-04,,
Wegovy injection,semaglutide,weekly injection,Wegovy injection,1.7mg,Asda,1116105,onlinedoctor.asda.com,168.97,2026-10-04,,
Wegovy injection,semaglutide,weekly injection,Wegovy injection,1.7mg,Click 2 Pharmacy,1033781,click2pharmacy.co.uk,168.99,2026-10-04,,
Wegovy injection,semaglutide,weekly injection,Wegovy injection,1.7mg,The Family Chemist,9012915,thefamilychemist.co.uk,168.99,2026-10-04,,
Wegovy injection,semaglutide,weekly injection,Wegovy injection,1.7mg,Zava,9012701,zavamed.com,168.99,2026-10-04,,
Wegovy injection,semaglutide,weekly injection,Wegovy injection,1.7mg,Chemist4U,9011784,chemist-4-u.com,169.00,2026-10-04,,
Wegovy injection,semaglutide,weekly injection,Wegovy injection,1.7mg,Cured Pharmacy,9012511,curedpharmacy.com,169.00,2026-10-04,,
Wegovy injection,semaglutide,weekly injection,Wegovy injection,1.7mg,MYBMI,9011784,my-bmi.co.uk,169.00,2026-10-04,,
Wegovy injection,semaglutide,weekly injection,Wegovy injection,1.7mg,Simple Online Pharmacy,9011287,simpleonlinepharmacy.co.uk,169.00,2026-10-04,,
Wegovy injection,semaglutide,weekly injection,Wegovy injection,1.7mg,Curely,9012401,curely.co.uk,169.99,2026-10-04,,
Wegovy injection,semaglutide,weekly injection,Wegovy injection,1.7mg,Medino,9011921,medino.com,169.99,2026-10-04,,
Wegovy injection,semaglutide,weekly injection,Wegovy injection,1.7mg,Pharmacy2U,9010146,pharmacy2u.co.uk,169.99,2026-10-04,,
Wegovy injection,semaglutide,weekly injection,Wegovy injection,1.7mg,Simply Meds Online,9010764,simplymedsonline.co.uk,169.99,2026-10-04,,
Wegovy injection,semaglutide,weekly injection,Wegovy injection,1.7mg,The Independent Pharmacy,9012559,theindependentpharmacy.co.uk,169.99,2026-10-04,,
Wegovy injection,semaglutide,weekly injection,Wegovy injection,1.7mg,IQ Doctor,9010411,iqdoctor.co.uk,173.99,2026-10-04,,
Wegovy injection,semaglutide,weekly injection,Wegovy injection,1.7mg,Weprescribe,9012132,weprescribe.co.uk,174.99,2026-10-04,,
Wegovy injection,semaglutide,weekly injection,Wegovy injection,1.7mg,Ashcroft Pharmacy,9012896,ashcroftpharmacy.co.uk,175.00,2026-10-04,,
Wegovy injection,semaglutide,weekly injection,Wegovy injection,1.7mg,Curate,9012358,curatehealth.co.uk,178.00,2026-10-04,,
Wegovy injection,semaglutide,weekly injection,Wegovy injection,1.7mg,Bolt Pharmacy,9013085,boltpharmacy.co.uk,179.00,2026-10-04,,
Wegovy injection,semaglutide,weekly injection,Wegovy injection,1.7mg,Oushk,9012610,oushkpharmacy.com,179.00,2026-10-04,EAZY40 and EAZY15,"£40 off New Customers, £15 off Returning"
Wegovy injection,semaglutide,weekly injection,Wegovy injection,1.7mg,Second Nature,9010938,secondnature.io,179.00,2026-10-04,,
Wegovy injection,semaglutide,weekly injection,Wegovy injection,1.7mg,Yourpharmacy,9012029,yourpharmacy.uk,179.00,2026-10-04,,
Wegovy injection,semaglutide,weekly injection,Wegovy injection,1.7mg,Assured Pharmacy,1121967,assuredpharmacy.co.uk,179.95,2026-10-04,,
Wegovy injection,semaglutide,weekly injection,Wegovy injection,1.7mg,Lloyds Pharmacy,9011437,onlinedoctor.lloydspharmacy.com,179.99,2026-10-04,,
Wegovy injection,semaglutide,weekly injection,Wegovy injection,1.7mg,Medexpress,9012633,medexpress.co.uk,179.99,2026-10-04,,
Wegovy injection,semaglutide,weekly injection,Wegovy injection,1.7mg,Pharmica,9012030,pharmica.co.uk,179.99,2026-10-04,,
Wegovy injection,semaglutide,weekly injection,Wegovy injection,1.7mg,Rightangled Pharmacy,9011933,rightangled.com,179.99,2026-10-04,,
Wegovy injection,semaglutide,weekly injection,Wegovy injection,1.7mg,The Care Pharmacy,9010308,thecarepharmacy.com,179.99,2026-10-04,TCP10,£10 Off
Wegovy injection,semaglutide,weekly injection,Wegovy injection,1.7mg,Pharmacy Advance,9012423,pharmacyadvance.co.uk,184.99,2026-10-04,,
Wegovy injection,semaglutide,weekly injection,Wegovy injection,1.7mg,Private Doc,1107567,privatedoc.com,187.00,2026-10-04,,
Wegovy injection,semaglutide,weekly injection,Wegovy injection,1.7mg,MSH Weight Loss,9012599,mshweightloss.co.uk,189.00,2026-10-04,,
Wegovy injection,semaglutide,weekly injection,Wegovy injection,1.7mg,Morrisons Clinic,9011171,clinic.morrisons.com,189.00,2026-10-04,,
Wegovy injection,semaglutide,weekly injection,Wegovy injection,1.7mg,Phlo Clinic,9011171,phloclinic.co.uk,189.00,2026-10-04,,
Wegovy injection,semaglutide,weekly injection,Wegovy injection,1.7mg,Superdrug,9010736,onlinedoctor.superdrug.com,192.00,2026-10-04,,
Wegovy injection,semaglutide,weekly injection,Wegovy injection,1.7mg,Boots Online Doctor,1030075,onlinedoctor.boots.com,192.97,2026-10-04,,
Wegovy injection,semaglutide,weekly injection,Wegovy injection,1.7mg,Trim,9012710,gettrim.co.uk,195.00,2026-10-04,Click Visit for £30 off,£30 off New Customers Only
Wegovy injection,semaglutide,weekly injection,Wegovy injection,1.7mg,Chequp,9012707,chequp.com,199.00,2026-10-04,,
Wegovy injection,semaglutide,weekly injection,Wegovy injection,1.7mg,E-Surgery,9012167,e-surgery.com,199.94,2026-10-04,,
Wegovy injection,semaglutide,weekly injection,Wegovy injection,1.7mg,Juniper,9011842,myjuniper.co.uk,209.00,2026-10-04,,
Wegovy injection,semaglutide,weekly injection,Wegovy injection,1.7mg,Numan,9011408,numan.com,209.00,2026-10-04,,
Wegovy injection,semaglutide,weekly injection,Wegovy injection,1.7mg,Click Pharmacy,9011460,clickpharmacy.co.uk,215.99,2026-10-04,,
Wegovy injection,semaglutide,weekly injection,Wegovy injection,1.7mg,Voy,9012134,joinvoy.com,219.00,2026-10-04,,
Wegovy injection,semaglutide,weekly injection,Wegovy injection,1.7mg,Webmed Pharmacy,9011118,webmedpharmacy.co.uk,222.00,2026-10-04,,
Wegovy injection,semaglutide,weekly injection,Wegovy injection,1.7mg,health express,9011703,healthexpress.co.uk,224.00,2026-10-04,,
Wegovy injection,semaglutide,weekly injection,Wegovy injection,1.7mg,Pharmalogic Chemist,1103968,pharmalogic.co.uk,225.00,2026-10-04,,
Wegovy injection,semaglutide,weekly injection,Wegovy injection,1.7mg,Treated,9010946,uk.treated.com,249.95,2026-10-04,,
Wegovy injection,semaglutide,weekly injection,Wegovy injection,2.4mg,Lotus Weight Loss,9011284,lotusweightloss.co.uk,116.00,2026-10-06,LWSAVE40,£45 off all doses for new customers
Wegovy injection,semaglutide,weekly injection,Wegovy injection,2.4mg,New Health,9011199,new.co.uk,120.00,2026-10-04,,
Wegovy injection,semaglutide,weekly injection,Wegovy injection,2.4mg,Medicine Market place,1116946,medicinemarketplace.com,135.00,2026-10-04,,
Wegovy injection,semaglutide,weekly injection,Wegovy injection,2.4mg,Pharmacy Planet,9010288,pharmacyplanet.com,145.00,2026-10-04,,
Wegovy injection,semaglutide,weekly injection,Wegovy injection,2.4mg,Dr Weightmans,1092500,drweightmans.com,150.00,2026-10-04,,
Wegovy injection,semaglutide,weekly injection,Wegovy injection,2.4mg,Fylde Clinic,9012835,fyldeclinic.co.uk,150.00,2026-10-04,,
Wegovy injection,semaglutide,weekly injection,Wegovy injection,2.4mg,Swift Doctor,9012809,swift-doctor.com,150.00,2026-10-04,SWIFTD5 and SWIFTD10,Spend £99 for £5 off or £149 for £10 off
Wegovy injection,semaglutide,weekly injection,Wegovy injection,2.4mg,SheMed,9012578,shemed.co.uk,159.00,2026-10-04,,
Wegovy injection,semaglutide,weekly injection,Wegovy injection,2.4mg,Pharmacy Online,9011378,pharmacyonline.co.uk,159.99,2026-10-04,,
Wegovy injection,semaglutide,weekly injection,Wegovy injection,2.4mg,Medicspot,9012559,medicspot.co.uk,169.00,2026-10-04,,
Wegovy injection,semaglutide,weekly injection,Wegovy injection,2.4mg,Cloud Pharmacy,9012073,cloudpharmacy.co.uk,174.99,2026-10-04,,
Wegovy injection,semaglutide,weekly injection,Wegovy injection,2.4mg,Fella,9013085,fellahealth.com,179.00,2026-10-04,,
Wegovy injection,semaglutide,weekly injection,Wegovy injection,2.4mg,Peak Pharmacy,9012214,peakpharmacy.co.uk,180.00,2026-10-04,,
Wegovy injection,semaglutide,weekly injection,Wegovy injection,2.4mg,Pillsorted,9011258,pillsorted.com,185.00,2026-10-04,,
Wegovy injection,semaglutide,weekly injection,Wegovy injection,2.4mg,Oxford Online Pharmacy,9012205,oxfordonlinepharmacy.co.uk,188.96,2026-10-04,,
Wegovy injection,semaglutide,weekly injection,Wegovy injection,2.4mg,Asda,1116105,onlinedoctor.asda.com,188.97,2026-10-04,,
Wegovy injection,semaglutide,weekly injection,Wegovy injection,2.4mg,The Family Chemist,9012915,thefamilychemist.co.uk,188.99,2026-10-04,,
Wegovy injection,semaglutide,weekly injection,Wegovy injection,2.4mg,Simple Online Pharmacy,9011287,simpleonlinepharmacy.co.uk,189.00,2026-10-04,,
Wegovy injection,semaglutide,weekly injection,Wegovy injection,2.4mg,Quick Meds,9012521,quickmeds.co.uk,189.95,2026-10-04,,
Wegovy injection,semaglutide,weekly injection,Wegovy injection,2.4mg,Pharmacy2U,9010146,pharmacy2u.co.uk,189.99,2026-10-04,,
Wegovy injection,semaglutide,weekly injection,Wegovy injection,2.4mg,Simply Meds Online,9010764,simplymedsonline.co.uk,189.99,2026-10-04,,
Wegovy injection,semaglutide,weekly injection,Wegovy injection,2.4mg,The Independent Pharmacy,9012559,theindependentpharmacy.co.uk,189.99,2026-10-04,,
Wegovy injection,semaglutide,weekly injection,Wegovy injection,2.4mg,Zava,9012701,zavamed.com,189.99,2026-10-04,,
Wegovy injection,semaglutide,weekly injection,Wegovy injection,2.4mg,IQ Doctor,9010411,iqdoctor.co.uk,193.99,2026-10-04,,
Wegovy injection,semaglutide,weekly injection,Wegovy injection,2.4mg,Happy Pharmacy,9012585,happypharmacy.co.uk,194.99,2026-10-04,,
Wegovy injection,semaglutide,weekly injection,Wegovy injection,2.4mg,Farmeci,9011790,farmeci.com,195.00,2026-10-04,MEDFARM10,10% off New Customers Only
Wegovy injection,semaglutide,weekly injection,Wegovy injection,2.4mg,My London Pharmacy,9012851,mylondonpharmacy.co.uk,195.00,2026-10-04,MEDMLP10,10% off New Customers Only
Wegovy injection,semaglutide,weekly injection,Wegovy injection,2.4mg,AYP Healthcare,9011523,ayp.healthcare,198.99,2026-10-04,,
Wegovy injection,semaglutide,weekly injection,Wegovy injection,2.4mg,Click 2 Pharmacy,1033781,click2pharmacy.co.uk,198.99,2026-10-04,,
Wegovy injection,semaglutide,weekly injection,Wegovy injection,2.4mg,Bolt Pharmacy,9013085,boltpharmacy.co.uk,199.00,2026-10-04,,
Wegovy injection,semaglutide,weekly injection,Wegovy injection,2.4mg,Chemist4U,9011784,chemist-4-u.com,199.00,2026-10-04,,
Wegovy injection,semaglutide,weekly injection,Wegovy injection,2.4mg,Cured Pharmacy,9012511,curedpharmacy.com,199.00,2026-10-04,,
Wegovy injection,semaglutide,weekly injection,Wegovy injection,2.4mg,Live Well Weight Loss,9012516,livewellweightloss.co.uk,199.00,2026-10-04,FIRST5,£5 off for all customers
Wegovy injection,semaglutide,weekly injection,Wegovy injection,2.4mg,MYBMI,9011784,my-bmi.co.uk,199.00,2026-10-04,,
Wegovy injection,semaglutide,weekly injection,Wegovy injection,2.4mg,Morrisons Clinic,9011171,clinic.morrisons.com,199.00,2026-10-04,,
Wegovy injection,semaglutide,weekly injection,Wegovy injection,2.4mg,Oushk,9012610,oushkpharmacy.com,199.00,2026-10-04,EAZY40 and EAZY15,"£40 off New Customers, £15 off Returning"
Wegovy injection,semaglutide,weekly injection,Wegovy injection,2.4mg,Phlo Clinic,9011171,phloclinic.co.uk,199.00,2026-10-04,,
Wegovy injection,semaglutide,weekly injection,Wegovy injection,2.4mg,Second Nature,9010938,secondnature.io,199.00,2026-10-04,,
Wegovy injection,semaglutide,weekly injection,Wegovy injection,2.4mg,Lloyds Pharmacy,9011437,onlinedoctor.lloydspharmacy.com,199.99,2026-10-04,,
Wegovy injection,semaglutide,weekly injection,Wegovy injection,2.4mg,Medexpress,9012633,medexpress.co.uk,199.99,2026-10-04,,
Wegovy injection,semaglutide,weekly injection,Wegovy injection,2.4mg,Curate,9012358,curatehealth.co.uk,204.00,2026-10-04,,
Wegovy injection,semaglutide,weekly injection,Wegovy injection,2.4mg,Superdrug,9010736,onlinedoctor.superdrug.com,205.00,2026-10-04,,
Wegovy injection,semaglutide,weekly injection,Wegovy injection,2.4mg,YourDose Pharmacy,9013045,yourdosepharmacy.co.uk,205.00,2026-10-04,YD10,£10 off with free delivery for new customers
Wegovy injection,semaglutide,weekly injection,Wegovy injection,2.4mg,Boots Online Doctor,1030075,onlinedoctor.boots.com,205.97,2026-10-04,,
Wegovy injection,semaglutide,weekly injection,Wegovy injection,2.4mg,Get A Drip,9012347,getadrip.shop,209.00,2026-10-04,,
Wegovy injection,semaglutide,weekly injection,Wegovy injection,2.4mg,Tribelle,9012688,tribelle.co.uk,209.00,2026-10-04,,
Wegovy injection,semaglutide,weekly injection,Wegovy injection,2.4mg,Cuva Health,9012581,cuvahealth.co.uk,209.99,2026-10-04,MED6,£6 off for New Customers Only
Wegovy injection,semaglutide,weekly injection,Wegovy injection,2.4mg,Pharmacy Express,9012468,pharmacy-express.co.uk,209.99,2026-10-04,,
Wegovy injection,semaglutide,weekly injection,Wegovy injection,2.4mg,Pharmulous,9012252,pharmulous.co.uk,209.99,2026-10-04,,
Wegovy injection,semaglutide,weekly injection,Wegovy injection,2.4mg,Pills2U,9012634,pills2u.co.uk,209.99,2026-10-04,MedEazy,£10 off first orders and free delivery
Wegovy injection,semaglutide,weekly injection,Wegovy injection,2.4mg,Yourpharmacy,9012029,yourpharmacy.uk,215.00,2026-10-04,,
Wegovy injection,semaglutide,weekly injection,Wegovy injection,2.4mg,Chequp,9012707,chequp.com,219.00,2026-10-04,,
Wegovy injection,semaglutide,weekly injection,Wegovy injection,2.4mg,Assured Pharmacy,1121967,assuredpharmacy.co.uk,219.95,2026-10-04,,
Wegovy injection,semaglutide,weekly injection,Wegovy injection,2.4mg,Pharmacy Advance,9012423,pharmacyadvance.co.uk,219.99,2026-10-04,,
Wegovy injection,semaglutide,weekly injection,Wegovy injection,2.4mg,Ashcroft Pharmacy,9012896,ashcroftpharmacy.co.uk,225.00,2026-10-04,,
Wegovy injection,semaglutide,weekly injection,Wegovy injection,2.4mg,Pharmalogic Chemist,1103968,pharmalogic.co.uk,225.00,2026-10-04,,
Wegovy injection,semaglutide,weekly injection,Wegovy injection,2.4mg,Trim,9012710,gettrim.co.uk,225.00,2026-10-04,Click Visit for £30 off,£30 off New Customers Only
Wegovy injection,semaglutide,weekly injection,Wegovy injection,2.4mg,Private Doc,1107567,privatedoc.com,227.00,2026-10-04,,
Wegovy injection,semaglutide,weekly injection,Wegovy injection,2.4mg,Juniper,9011842,myjuniper.co.uk,229.00,2026-10-04,,
Wegovy injection,semaglutide,weekly injection,Wegovy injection,2.4mg,Numan,9011408,numan.com,229.00,2026-10-04,,
Wegovy injection,semaglutide,weekly injection,Wegovy injection,2.4mg,Medino,9011921,medino.com,229.99,2026-10-04,,
Wegovy injection,semaglutide,weekly injection,Wegovy injection,2.4mg,Rightangled Pharmacy,9011933,rightangled.com,229.99,2026-10-04,,
Wegovy injection,semaglutide,weekly injection,Wegovy injection,2.4mg,The Care Pharmacy,9010308,thecarepharmacy.com,229.99,2026-10-04,TCP10,£10 Off
Wegovy injection,semaglutide,weekly injection,Wegovy injection,2.4mg,E-Surgery,9012167,e-surgery.com,235.24,2026-10-04,,
Wegovy injection,semaglutide,weekly injection,Wegovy injection,2.4mg,MSH Weight Loss,9012599,mshweightloss.co.uk,239.00,2026-10-04,,
Wegovy injection,semaglutide,weekly injection,Wegovy injection,2.4mg,Voy,9012134,joinvoy.com,239.00,2026-10-04,,
Wegovy injection,semaglutide,weekly injection,Wegovy injection,2.4mg,Curely,9012401,curely.co.uk,239.99,2026-10-04,,
Wegovy injection,semaglutide,weekly injection,Wegovy injection,2.4mg,Weprescribe,9012132,weprescribe.co.uk,239.99,2026-10-04,,
Wegovy injection,semaglutide,weekly injection,Wegovy injection,2.4mg,Pharmica,9012030,pharmica.co.uk,249.99,2026-10-04,,
Wegovy injection,semaglutide,weekly injection,Wegovy injection,2.4mg,Click Pharmacy,9011460,clickpharmacy.co.uk,255.99,2026-10-04,,
Wegovy injection,semaglutide,weekly injection,Wegovy injection,2.4mg,Webmed Pharmacy,9011118,webmedpharmacy.co.uk,260.00,2026-10-04,,
Wegovy injection,semaglutide,weekly injection,Wegovy injection,2.4mg,health express,9011703,healthexpress.co.uk,269.00,2026-10-04,,
Wegovy injection,semaglutide,weekly injection,Wegovy injection,2.4mg,Treated,9010946,uk.treated.com,339.95,2026-10-04,,
Wegovy injection,semaglutide,weekly injection,Wegovy injection,7.2mg,Lotus Weight Loss,9011284,lotusweightloss.co.uk,176.00,2026-10-06,LWSAVE40,£45 off all doses for new customers
Wegovy injection,semaglutide,weekly injection,Wegovy injection,7.2mg,New Health,9011199,new.co.uk,184.00,2026-10-04,,
Wegovy injection,semaglutide,weekly injection,Wegovy injection,7.2mg,Medicine Market place,1116946,medicinemarketplace.com,202.00,2026-10-04,,
Wegovy injection,semaglutide,weekly injection,Wegovy injection,7.2mg,Medicspot,9012559,medicspot.co.uk,219.00,2026-10-04,,
Wegovy injection,semaglutide,weekly injection,Wegovy injection,7.2mg,Dr Weightmans,1092500,drweightmans.com,220.00,2026-10-04,,
Wegovy injection,semaglutide,weekly injection,Wegovy injection,7.2mg,Pharmacy Planet,9010288,pharmacyplanet.com,225.00,2026-10-04,,
Wegovy injection,semaglutide,weekly injection,Wegovy injection,7.2mg,Pills2U,9012634,pills2u.co.uk,234.99,2026-10-04,MedEazy,£10 off first orders and free delivery
Wegovy injection,semaglutide,weekly injection,Wegovy injection,7.2mg,Fella,9013085,fellahealth.com,239.00,2026-10-04,,
Wegovy injection,semaglutide,weekly injection,Wegovy injection,7.2mg,SheMed,9012578,shemed.co.uk,239.00,2026-10-04,,
Wegovy injection,semaglutide,weekly injection,Wegovy injection,7.2mg,Swift Doctor,9012809,swift-doctor.com,240.00,2026-10-04,SWIFTD5 and SWIFTD10,Spend £99 for £5 off or £149 for £10 off
Wegovy injection,semaglutide,weekly injection,Wegovy injection,7.2mg,Asda,1116105,onlinedoctor.asda.com,248.97,2026-10-04,,
Wegovy injection,semaglutide,weekly injection,Wegovy injection,7.2mg,Quick Meds,9012521,quickmeds.co.uk,249.95,2026-10-04,,
Wegovy injection,semaglutide,weekly injection,Wegovy injection,7.2mg,Bolt Pharmacy,9013085,boltpharmacy.co.uk,259.00,2026-10-04,,
Wegovy injection,semaglutide,weekly injection,Wegovy injection,7.2mg,Zava,9012701,zavamed.com,259.99,2026-10-04,,
Wegovy injection,semaglutide,weekly injection,Wegovy injection,7.2mg,Cloud Pharmacy,9012073,cloudpharmacy.co.uk,269.99,2026-10-04,,
Wegovy injection,semaglutide,weekly injection,Wegovy injection,7.2mg,Pharmacy2U,9010146,pharmacy2u.co.uk,269.99,2026-10-04,,
Wegovy injection,semaglutide,weekly injection,Wegovy injection,7.2mg,Click 2 Pharmacy,1033781,click2pharmacy.co.uk,275.99,2026-10-04,,
Wegovy injection,semaglutide,weekly injection,Wegovy injection,7.2mg,Chemist4U,9011784,chemist-4-u.com,279.00,2026-10-04,,
Wegovy injection,semaglutide,weekly injection,Wegovy injection,7.2mg,MYBMI,9011784,my-bmi.co.uk,279.00,2026-10-04,,
Wegovy injection,semaglutide,weekly injection,Wegovy injection,7.2mg,Morrisons Clinic,9011171,clinic.morrisons.com,279.00,2026-10-04,,
Wegovy injection,semaglutide,weekly injection,Wegovy injection,7.2mg,Phlo Clinic,9011171,phloclinic.co.uk,279.00,2026-10-04,,
Wegovy injection,semaglutide,weekly injection,Wegovy injection,7.2mg,Second Nature,9010938,secondnature.io,279.00,2026-10-04,,
Wegovy injection,semaglutide,weekly injection,Wegovy injection,7.2mg,Medexpress,9012633,medexpress.co.uk,279.99,2026-10-04,,
Wegovy injection,semaglutide,weekly injection,Wegovy injection,7.2mg,Oxford Online Pharmacy,9012205,oxfordonlinepharmacy.co.uk,279.99,2026-10-04,,
Wegovy injection,semaglutide,weekly injection,Wegovy injection,7.2mg,The Family Chemist,9012915,thefamilychemist.co.uk,279.99,2026-10-04,,
Wegovy injection,semaglutide,weekly injection,Wegovy injection,7.2mg,Superdrug,9010736,onlinedoctor.superdrug.com,285.00,2026-10-04,,
Wegovy injection,semaglutide,weekly injection,Wegovy injection,7.2mg,Boots Online Doctor,1030075,onlinedoctor.boots.com,285.97,2026-10-04,,
Wegovy injection,semaglutide,weekly injection,Wegovy injection,7.2mg,Lloyds Pharmacy,9011437,onlinedoctor.lloydspharmacy.com,289.99,2026-10-04,,
Wegovy injection,semaglutide,weekly injection,Wegovy injection,7.2mg,The Independent Pharmacy,9012559,theindependentpharmacy.co.uk,289.99,2026-10-04,,
Wegovy injection,semaglutide,weekly injection,Wegovy injection,7.2mg,Private Doc,1107567,privatedoc.com,297.00,2026-10-04,,
Wegovy injection,semaglutide,weekly injection,Wegovy injection,7.2mg,Ashcroft Pharmacy,9012896,ashcroftpharmacy.co.uk,299.00,2026-10-04,,
Wegovy injection,semaglutide,weekly injection,Wegovy injection,7.2mg,Numan,9011408,numan.com,299.00,2026-10-04,,
Wegovy injection,semaglutide,weekly injection,Wegovy injection,7.2mg,Oushk,9012610,oushkpharmacy.com,300.00,2026-10-04,EAZY40 and EAZY15,"£40 off New Customers, £15 off Returning"
Wegovy injection,semaglutide,weekly injection,Wegovy injection,7.2mg,Pharmacy Online,9011378,pharmacyonline.co.uk,309.99,2026-10-04,,
Wegovy injection,semaglutide,weekly injection,Wegovy injection,7.2mg,Chequp,9012707,chequp.com,319.00,2026-10-04,,
Wegovy injection,semaglutide,weekly injection,Wegovy injection,7.2mg,Simple Online Pharmacy,9011287,simpleonlinepharmacy.co.uk,329.00,2026-10-04,,
Wegovy injection,semaglutide,weekly injection,Wegovy injection,7.2mg,health express,9011703,healthexpress.co.uk,339.00,2026-10-04,,
Wegovy injection,semaglutide,weekly injection,Wegovy injection,7.2mg,IQ Doctor,9010411,iqdoctor.co.uk,360.00,2026-10-04,,
Wegovy injection,semaglutide,weekly injection,Wegovy injection,7.2mg,Voy,9012134,joinvoy.com,409.00,2026-10-04,,
Wegovy injection,semaglutide,weekly injection,Wegovy injection,7.2mg,Tribelle,9012688,tribelle.co.uk,565.00,2026-10-04,,
Wegovy injection,semaglutide,weekly injection,Wegovy injection,7.2mg,Pharmacy Express,9012468,pharmacy-express.co.uk,599.00,2026-10-04,,
Wegovy pill,oral semaglutide,daily tablet,Wegovy pill,1.5mg,New Health,9011199,new.co.uk,54.00,2026-10-04,,
Wegovy pill,oral semaglutide,daily tablet,Wegovy pill,1.5mg,SheMed,9012578,shemed.co.uk,69.00,2026-10-04,,
Wegovy pill,oral semaglutide,daily tablet,Wegovy pill,1.5mg,Lotus Weight Loss,9011284,lotusweightloss.co.uk,74.00,2026-10-06,LWSAVE40,£45 off all doses for new customers
Wegovy pill,oral semaglutide,daily tablet,Wegovy pill,1.5mg,Second Nature,9010938,secondnature.io,74.00,2026-10-04,,
Wegovy pill,oral semaglutide,daily tablet,Wegovy pill,1.5mg,Superdrug,9010736,onlinedoctor.superdrug.com,79.00,2026-10-04,,
Wegovy pill,oral semaglutide,daily tablet,Wegovy pill,1.5mg,Cured Pharmacy,9012511,curedpharmacy.com,83.00,2026-10-04,,
Wegovy pill,oral semaglutide,daily tablet,Wegovy pill,1.5mg,Oushk,9012610,oushkpharmacy.com,85.00,2026-10-04,,
Wegovy pill,oral semaglutide,daily tablet,Wegovy pill,1.5mg,Medicspot,9012559,medicspot.co.uk,89.00,2026-10-04,,
Wegovy pill,oral semaglutide,daily tablet,Wegovy pill,1.5mg,Morrisons Clinic,9011171,clinic.morrisons.com,89.00,2026-10-04,,
Wegovy pill,oral semaglutide,daily tablet,Wegovy pill,1.5mg,Phlo Clinic,9011171,phloclinic.co.uk,89.00,2026-10-04,,
Wegovy pill,oral semaglutide,daily tablet,Wegovy pill,1.5mg,The Family Chemist,9012915,thefamilychemist.co.uk,89.99,2026-10-04,,
Wegovy pill,oral semaglutide,daily tablet,Wegovy pill,1.5mg,Medicine Market place,1116946,medicinemarketplace.com,90.00,2026-10-04,,
Wegovy pill,oral semaglutide,daily tablet,Wegovy pill,1.5mg,Curate,9012358,curatehealth.co.uk,94.00,2026-10-04,,
Wegovy pill,oral semaglutide,daily tablet,Wegovy pill,1.5mg,Curely,9012401,curely.co.uk,94.43,2026-10-04,,
Wegovy pill,oral semaglutide,daily tablet,Wegovy pill,1.5mg,Get A Drip,9012347,getadrip.shop,94.49,2026-10-04,,
Wegovy pill,oral semaglutide,daily tablet,Wegovy pill,1.5mg,Farmeci,9011790,farmeci.com,95.00,2026-10-04,,
Wegovy pill,oral semaglutide,daily tablet,Wegovy pill,1.5mg,My London Pharmacy,9012851,mylondonpharmacy.co.uk,95.00,2026-10-04,,
Wegovy pill,oral semaglutide,daily tablet,Wegovy pill,1.5mg,Pharmacy Planet,9010288,pharmacyplanet.com,95.00,2026-10-04,,
Wegovy pill,oral semaglutide,daily tablet,Wegovy pill,1.5mg,Pillsorted,9011258,pillsorted.com,97.99,2026-10-04,,
Wegovy pill,oral semaglutide,daily tablet,Wegovy pill,1.5mg,Zava,9012701,zavamed.com,97.99,2026-10-04,,
Wegovy pill,oral semaglutide,daily tablet,Wegovy pill,1.5mg,Asda,1116105,onlinedoctor.asda.com,98.97,2026-10-04,,
Wegovy pill,oral semaglutide,daily tablet,Wegovy pill,1.5mg,The Independent Pharmacy,9012559,theindependentpharmacy.co.uk,98.99,2026-10-04,,
Wegovy pill,oral semaglutide,daily tablet,Wegovy pill,1.5mg,Ashcroft Pharmacy,9012896,ashcroftpharmacy.co.uk,99.00,2026-10-04,,
Wegovy pill,oral semaglutide,daily tablet,Wegovy pill,1.5mg,Boots Online Doctor,1030075,onlinedoctor.boots.com,99.00,2026-10-04,,
Wegovy pill,oral semaglutide,daily tablet,Wegovy pill,1.5mg,Chemist4U,9011784,chemist-4-u.com,99.00,2026-10-04,,
Wegovy pill,oral semaglutide,daily tablet,Wegovy pill,1.5mg,Cloud Pharmacy,9012073,cloudpharmacy.co.uk,99.00,2026-10-04,,
Wegovy pill,oral semaglutide,daily tablet,Wegovy pill,1.5mg,Happy Pharmacy,9012585,happypharmacy.co.uk,99.00,2026-10-04,,
Wegovy pill,oral semaglutide,daily tablet,Wegovy pill,1.5mg,MYBMI,9011784,my-bmi.co.uk,99.00,2026-10-04,,
Wegovy pill,oral semaglutide,daily tablet,Wegovy pill,1.5mg,Peak Pharmacy,9012214,peakpharmacy.co.uk,99.00,2026-10-04,,
Wegovy pill,oral semaglutide,daily tablet,Wegovy pill,1.5mg,Pharmacy Online,9011378,pharmacyonline.co.uk,99.00,2026-10-04,,
Wegovy pill,oral semaglutide,daily tablet,Wegovy pill,1.5mg,Webmed Pharmacy,9011118,webmedpharmacy.co.uk,99.00,2026-10-04,,
Wegovy pill,oral semaglutide,daily tablet,Wegovy pill,1.5mg,AYP Healthcare,9011523,ayp.healthcare,99.99,2026-10-04,,
Wegovy pill,oral semaglutide,daily tablet,Wegovy pill,1.5mg,Pharmulous,9012252,pharmulous.co.uk,99.99,2026-10-04,,
Wegovy pill,oral semaglutide,daily tablet,Wegovy pill,1.5mg,The Care Pharmacy,9010308,thecarepharmacy.com,99.99,2026-10-04,,
Wegovy pill,oral semaglutide,daily tablet,Wegovy pill,1.5mg,Medexpress,9012633,medexpress.co.uk,100.00,2026-10-04,,
Wegovy pill,oral semaglutide,daily tablet,Wegovy pill,1.5mg,Tribelle,9012688,tribelle.co.uk,100.00,2026-10-04,,
Wegovy pill,oral semaglutide,daily tablet,Wegovy pill,1.5mg,Pills2U,9012634,pills2u.co.uk,104.99,2026-10-04,,
Wegovy pill,oral semaglutide,daily tablet,Wegovy pill,1.5mg,Dr Weightmans,1092500,drweightmans.com,105.00,2026-10-04,,
Wegovy pill,oral semaglutide,daily tablet,Wegovy pill,1.5mg,Cuva Health,9012581,cuvahealth.co.uk,107.00,2026-10-04,,
Wegovy pill,oral semaglutide,daily tablet,Wegovy pill,1.5mg,Click 2 Pharmacy,1033781,click2pharmacy.co.uk,109.00,2026-10-04,,
Wegovy pill,oral semaglutide,daily tablet,Wegovy pill,1.5mg,MSH Weight Loss,9012599,mshweightloss.co.uk,109.00,2026-10-04,,
Wegovy pill,oral semaglutide,daily tablet,Wegovy pill,1.5mg,Swift Doctor,9012809,swift-doctor.com,109.00,2026-10-04,,
Wegovy pill,oral semaglutide,daily tablet,Wegovy pill,1.5mg,YourDose Pharmacy,9013045,yourdosepharmacy.co.uk,109.00,2026-10-04,YD10,£10 off with free delivery for new customers
Wegovy pill,oral semaglutide,daily tablet,Wegovy pill,1.5mg,Yourpharmacy,9012029,yourpharmacy.uk,109.00,2026-10-04,,
Wegovy pill,oral semaglutide,daily tablet,Wegovy pill,1.5mg,IQ Doctor,9010411,iqdoctor.co.uk,109.99,2026-10-04,,
Wegovy pill,oral semaglutide,daily tablet,Wegovy pill,1.5mg,Lloyds Pharmacy,9011437,onlinedoctor.lloydspharmacy.com,109.99,2026-10-04,,
Wegovy pill,oral semaglutide,daily tablet,Wegovy pill,1.5mg,Medino,9011921,medino.com,109.99,2026-10-04,,
Wegovy pill,oral semaglutide,daily tablet,Wegovy pill,1.5mg,Oxford Online Pharmacy,9012205,oxfordonlinepharmacy.co.uk,109.99,2026-10-04,,
Wegovy pill,oral semaglutide,daily tablet,Wegovy pill,1.5mg,Pharmacy Express,9012468,pharmacy-express.co.uk,109.99,2026-10-04,,
Wegovy pill,oral semaglutide,daily tablet,Wegovy pill,1.5mg,Pharmacy2U,9010146,pharmacy2u.co.uk,109.99,2026-10-04,,
Wegovy pill,oral semaglutide,daily tablet,Wegovy pill,1.5mg,Pharmica,9012030,pharmica.co.uk,109.99,2026-10-04,,
Wegovy pill,oral semaglutide,daily tablet,Wegovy pill,1.5mg,Simply Meds Online,9010764,simplymedsonline.co.uk,109.99,2026-10-04,,
Wegovy pill,oral semaglutide,daily tablet,Wegovy pill,1.5mg,Private Doc,1107567,privatedoc.com,114.00,2026-10-04,,
Wegovy pill,oral semaglutide,daily tablet,Wegovy pill,1.5mg,Trim,9012710,gettrim.co.uk,114.90,2026-10-04,,
Wegovy pill,oral semaglutide,daily tablet,Wegovy pill,1.5mg,Quick Meds,9012521,quickmeds.co.uk,114.95,2026-10-04,,
Wegovy pill,oral semaglutide,daily tablet,Wegovy pill,1.5mg,Rightangled Pharmacy,9011933,rightangled.com,114.99,2026-10-04,,
Wegovy pill,oral semaglutide,daily tablet,Wegovy pill,1.5mg,Bolt Pharmacy,9013085,boltpharmacy.co.uk,119.00,2026-10-04,,
Wegovy pill,oral semaglutide,daily tablet,Wegovy pill,1.5mg,health express,9011703,healthexpress.co.uk,119.00,2026-10-04,,
Wegovy pill,oral semaglutide,daily tablet,Wegovy pill,1.5mg,E-Surgery,9012167,e-surgery.com,119.95,2026-10-04,,
Wegovy pill,oral semaglutide,daily tablet,Wegovy pill,1.5mg,Numan,9011408,numan.com,129.00,2026-10-04,,
Wegovy pill,oral semaglutide,daily tablet,Wegovy pill,1.5mg,Simple Online Pharmacy,9011287,simpleonlinepharmacy.co.uk,129.00,2026-10-04,,
Wegovy pill,oral semaglutide,daily tablet,Wegovy pill,1.5mg,Weprescribe,9012132,weprescribe.co.uk,129.99,2026-10-04,,
Wegovy pill,oral semaglutide,daily tablet,Wegovy pill,1.5mg,Chequp,9012707,chequp.com,139.00,2026-10-04,,
Wegovy pill,oral semaglutide,daily tablet,Wegovy pill,1.5mg,Juniper,9011842,myjuniper.co.uk,154.00,2026-10-04,,
Wegovy pill,oral semaglutide,daily tablet,Wegovy pill,1.5mg,Voy,9012134,joinvoy.com,154.00,2026-10-04,,
Wegovy pill,oral semaglutide,daily tablet,Wegovy pill,4mg,New Health,9011199,new.co.uk,75.00,2026-10-04,,
Wegovy pill,oral semaglutide,daily tablet,Wegovy pill,4mg,Lotus Weight Loss,9011284,lotusweightloss.co.uk,84.00,2026-10-06,LWSAVE40,£45 off all doses for new customers
Wegovy pill,oral semaglutide,daily tablet,Wegovy pill,4mg,Oushk,9012610,oushkpharmacy.com,89.00,2026-10-04,,
Wegovy pill,oral semaglutide,daily tablet,Wegovy pill,4mg,Pharmacy Planet,9010288,pharmacyplanet.com,95.00,2026-10-04,,
Wegovy pill,oral semaglutide,daily tablet,Wegovy pill,4mg,Curate,9012358,curatehealth.co.uk,97.00,2026-10-04,,
Wegovy pill,oral semaglutide,daily tablet,Wegovy pill,4mg,Medicine Market place,1116946,medicinemarketplace.com,97.00,2026-10-04,,
Wegovy pill,oral semaglutide,daily tablet,Wegovy pill,4mg,Curely,9012401,curely.co.uk,98.89,2026-10-04,,
Wegovy pill,oral semaglutide,daily tablet,Wegovy pill,4mg,Ashcroft Pharmacy,9012896,ashcroftpharmacy.co.uk,99.00,2026-10-04,,
Wegovy pill,oral semaglutide,daily tablet,Wegovy pill,4mg,Chemist4U,9011784,chemist-4-u.com,99.00,2026-10-04,,
Wegovy pill,oral semaglutide,daily tablet,Wegovy pill,4mg,MYBMI,9011784,my-bmi.co.uk,99.00,2026-10-04,,
Wegovy pill,oral semaglutide,daily tablet,Wegovy pill,4mg,Superdrug,9010736,onlinedoctor.superdrug.com,99.00,2026-10-04,,
Wegovy pill,oral semaglutide,daily tablet,Wegovy pill,4mg,AYP Healthcare,9011523,ayp.healthcare,99.99,2026-10-04,,
Wegovy pill,oral semaglutide,daily tablet,Wegovy pill,4mg,The Family Chemist,9012915,thefamilychemist.co.uk,99.99,2026-10-04,,
Wegovy pill,oral semaglutide,daily tablet,Wegovy pill,4mg,Second Nature,9010938,secondnature.io,104.00,2026-10-04,,
Wegovy pill,oral semaglutide,daily tablet,Wegovy pill,4mg,Get A Drip,9012347,getadrip.shop,104.49,2026-10-04,,
Wegovy pill,oral semaglutide,daily tablet,Wegovy pill,4mg,Cloud Pharmacy,9012073,cloudpharmacy.co.uk,105.00,2026-10-04,,
Wegovy pill,oral semaglutide,daily tablet,Wegovy pill,4mg,Farmeci,9011790,farmeci.com,105.00,2026-10-04,,
Wegovy pill,oral semaglutide,daily tablet,Wegovy pill,4mg,My London Pharmacy,9012851,mylondonpharmacy.co.uk,105.00,2026-10-04,,
Wegovy pill,oral semaglutide,daily tablet,Wegovy pill,4mg,Pharmacy Online,9011378,pharmacyonline.co.uk,106.00,2026-10-04,,
Wegovy pill,oral semaglutide,daily tablet,Wegovy pill,4mg,Click 2 Pharmacy,1033781,click2pharmacy.co.uk,109.00,2026-10-04,,
Wegovy pill,oral semaglutide,daily tablet,Wegovy pill,4mg,Cuva Health,9012581,cuvahealth.co.uk,109.00,2026-10-04,,
Wegovy pill,oral semaglutide,daily tablet,Wegovy pill,4mg,Medicspot,9012559,medicspot.co.uk,109.00,2026-10-04,,
Wegovy pill,oral semaglutide,daily tablet,Wegovy pill,4mg,Peak Pharmacy,9012214,peakpharmacy.co.uk,109.00,2026-10-04,,
Wegovy pill,oral semaglutide,daily tablet,Wegovy pill,4mg,Tribelle,9012688,tribelle.co.uk,109.00,2026-10-04,,
Wegovy pill,oral semaglutide,daily tablet,Wegovy pill,4mg,Pharmulous,9012252,pharmulous.co.uk,109.99,2026-10-04,,
Wegovy pill,oral semaglutide,daily tablet,Wegovy pill,4mg,The Care Pharmacy,9010308,thecarepharmacy.com,109.99,2026-10-04,,
Wegovy pill,oral semaglutide,daily tablet,Wegovy pill,4mg,The Independent Pharmacy,9012559,theindependentpharmacy.co.uk,109.99,2026-10-04,,
Wegovy pill,oral semaglutide,daily tablet,Wegovy pill,4mg,Cured Pharmacy,9012511,curedpharmacy.com,110.00,2026-10-04,,
Wegovy pill,oral semaglutide,daily tablet,Wegovy pill,4mg,Dr Weightmans,1092500,drweightmans.com,110.00,2026-10-04,,
Wegovy pill,oral semaglutide,daily tablet,Wegovy pill,4mg,YourDose Pharmacy,9013045,yourdosepharmacy.co.uk,112.00,2026-10-04,YD10,£10 off with free delivery for new customers
Wegovy pill,oral semaglutide,daily tablet,Wegovy pill,4mg,Quick Meds,9012521,quickmeds.co.uk,114.95,2026-10-04,,
Wegovy pill,oral semaglutide,daily tablet,Wegovy pill,4mg,Oxford Online Pharmacy,9012205,oxfordonlinepharmacy.co.uk,114.99,2026-10-04,,
Wegovy pill,oral semaglutide,daily tablet,Wegovy pill,4mg,Pharmacy Express,9012468,pharmacy-express.co.uk,114.99,2026-10-04,,
Wegovy pill,oral semaglutide,daily tablet,Wegovy pill,4mg,Pills2U,9012634,pills2u.co.uk,114.99,2026-10-04,,
Wegovy pill,oral semaglutide,daily tablet,Wegovy pill,4mg,Simply Meds Online,9010764,simplymedsonline.co.uk,114.99,2026-10-04,,
Wegovy pill,oral semaglutide,daily tablet,Wegovy pill,4mg,Pillsorted,9011258,pillsorted.com,117.99,2026-10-04,,
Wegovy pill,oral semaglutide,daily tablet,Wegovy pill,4mg,Zava,9012701,zavamed.com,117.99,2026-10-04,,
Wegovy pill,oral semaglutide,daily tablet,Wegovy pill,4mg,Asda,1116105,onlinedoctor.asda.com,118.97,2026-10-04,,
Wegovy pill,oral semaglutide,daily tablet,Wegovy pill,4mg,IQ Doctor,9010411,iqdoctor.co.uk,118.99,2026-10-04,,
Wegovy pill,oral semaglutide,daily tablet,Wegovy pill,4mg,Boots Online Doctor,1030075,onlinedoctor.boots.com,119.00,2026-10-04,,
Wegovy pill,oral semaglutide,daily tablet,Wegovy pill,4mg,Happy Pharmacy,9012585,happypharmacy.co.uk,119.00,2026-10-04,,
Wegovy pill,oral semaglutide,daily tablet,Wegovy pill,4mg,Medexpress,9012633,medexpress.co.uk,119.00,2026-10-04,,
Wegovy pill,oral semaglutide,daily tablet,Wegovy pill,4mg,Swift Doctor,9012809,swift-doctor.com,119.00,2026-10-04,,
Wegovy pill,oral semaglutide,daily tablet,Wegovy pill,4mg,Webmed Pharmacy,9011118,webmedpharmacy.co.uk,119.00,2026-10-04,,
Wegovy pill,oral semaglutide,daily tablet,Wegovy pill,4mg,Lloyds Pharmacy,9011437,onlinedoctor.lloydspharmacy.com,119.99,2026-10-04,,
Wegovy pill,oral semaglutide,daily tablet,Wegovy pill,4mg,Medino,9011921,medino.com,119.99,2026-10-04,,
Wegovy pill,oral semaglutide,daily tablet,Wegovy pill,4mg,Pharmacy2U,9010146,pharmacy2u.co.uk,119.99,2026-10-04,,
Wegovy pill,oral semaglutide,daily tablet,Wegovy pill,4mg,Rightangled Pharmacy,9011933,rightangled.com,119.99,2026-10-04,,
Wegovy pill,oral semaglutide,daily tablet,Wegovy pill,4mg,Yourpharmacy,9012029,yourpharmacy.uk,125.00,2026-10-04,,
Wegovy pill,oral semaglutide,daily tablet,Wegovy pill,4mg,MSH Weight Loss,9012599,mshweightloss.co.uk,129.00,2026-10-04,,
Wegovy pill,oral semaglutide,daily tablet,Wegovy pill,4mg,Pharmica,9012030,pharmica.co.uk,129.99,2026-10-04,,
Wegovy pill,oral semaglutide,daily tablet,Wegovy pill,4mg,Weprescribe,9012132,weprescribe.co.uk,133.99,2026-10-04,,
Wegovy pill,oral semaglutide,daily tablet,Wegovy pill,4mg,Private Doc,1107567,privatedoc.com,137.00,2026-10-04,,
Wegovy pill,oral semaglutide,daily tablet,Wegovy pill,4mg,Bolt Pharmacy,9013085,boltpharmacy.co.uk,139.00,2026-10-04,,
Wegovy pill,oral semaglutide,daily tablet,Wegovy pill,4mg,Morrisons Clinic,9011171,clinic.morrisons.com,139.00,2026-10-04,,
Wegovy pill,oral semaglutide,daily tablet,Wegovy pill,4mg,Phlo Clinic,9011171,phloclinic.co.uk,139.00,2026-10-04,,
Wegovy pill,oral semaglutide,daily tablet,Wegovy pill,4mg,Simple Online Pharmacy,9011287,simpleonlinepharmacy.co.uk,139.00,2026-10-04,,
Wegovy pill,oral semaglutide,daily tablet,Wegovy pill,4mg,health express,9011703,healthexpress.co.uk,149.00,2026-10-04,,
Wegovy pill,oral semaglutide,daily tablet,Wegovy pill,4mg,E-Surgery,9012167,e-surgery.com,149.95,2026-10-04,,
Wegovy pill,oral semaglutide,daily tablet,Wegovy pill,4mg,SheMed,9012578,shemed.co.uk,154.00,2026-10-04,,
Wegovy pill,oral semaglutide,daily tablet,Wegovy pill,4mg,Numan,9011408,numan.com,159.00,2026-10-04,,
Wegovy pill,oral semaglutide,daily tablet,Wegovy pill,4mg,Trim,9012710,gettrim.co.uk,165.00,2026-10-04,,
Wegovy pill,oral semaglutide,daily tablet,Wegovy pill,4mg,Chequp,9012707,chequp.com,179.00,2026-10-04,,
Wegovy pill,oral semaglutide,daily tablet,Wegovy pill,4mg,Juniper,9011842,myjuniper.co.uk,179.00,2026-10-04,,
Wegovy pill,oral semaglutide,daily tablet,Wegovy pill,4mg,Voy,9012134,joinvoy.com,179.00,2026-10-04,,
Wegovy pill,oral semaglutide,daily tablet,Wegovy pill,9mg,New Health,9011199,new.co.uk,88.00,2026-10-04,,
Wegovy pill,oral semaglutide,daily tablet,Wegovy pill,9mg,Lotus Weight Loss,9011284,lotusweightloss.co.uk,101.00,2026-10-06,LWSAVE40,£45 off all doses for new customers
Wegovy pill,oral semaglutide,daily tablet,Wegovy pill,9mg,Curely,9012401,curely.co.uk,105.00,2026-10-04,,
Wegovy pill,oral semaglutide,daily tablet,Wegovy pill,9mg,Oushk,9012610,oushkpharmacy.com,105.00,2026-10-04,,
Wegovy pill,oral semaglutide,daily tablet,Wegovy pill,9mg,Curate,9012358,curatehealth.co.uk,109.00,2026-10-04,,
Wegovy pill,oral semaglutide,daily tablet,Wegovy pill,9mg,The Family Chemist,9012915,thefamilychemist.co.uk,110.99,2026-10-04,,
Wegovy pill,oral semaglutide,daily tablet,Wegovy pill,9mg,Medicine Market place,1116946,medicinemarketplace.com,112.00,2026-10-04,,
Wegovy pill,oral semaglutide,daily tablet,Wegovy pill,9mg,AYP Healthcare,9011523,ayp.healthcare,115.99,2026-10-04,,
Wegovy pill,oral semaglutide,daily tablet,Wegovy pill,9mg,Chemist4U,9011784,chemist-4-u.com,119.00,2026-10-04,,
Wegovy pill,oral semaglutide,daily tablet,Wegovy pill,9mg,Click 2 Pharmacy,1033781,click2pharmacy.co.uk,119.00,2026-10-04,,
Wegovy pill,oral semaglutide,daily tablet,Wegovy pill,9mg,MYBMI,9011784,my-bmi.co.uk,119.00,2026-10-04,,
Wegovy pill,oral semaglutide,daily tablet,Wegovy pill,9mg,Pharmacy Planet,9010288,pharmacyplanet.com,120.00,2026-10-04,,
Wegovy pill,oral semaglutide,daily tablet,Wegovy pill,9mg,Farmeci,9011790,farmeci.com,121.00,2026-10-04,,
Wegovy pill,oral semaglutide,daily tablet,Wegovy pill,9mg,My London Pharmacy,9012851,mylondonpharmacy.co.uk,121.00,2026-10-04,,
Wegovy pill,oral semaglutide,daily tablet,Wegovy pill,9mg,Get A Drip,9012347,getadrip.shop,124.49,2026-10-04,,
Wegovy pill,oral semaglutide,daily tablet,Wegovy pill,9mg,Pharmulous,9012252,pharmulous.co.uk,124.99,2026-10-04,,
Wegovy pill,oral semaglutide,daily tablet,Wegovy pill,9mg,Cloud Pharmacy,9012073,cloudpharmacy.co.uk,125.00,2026-10-04,,
Wegovy pill,oral semaglutide,daily tablet,Wegovy pill,9mg,Cuva Health,9012581,cuvahealth.co.uk,125.00,2026-10-04,,
Wegovy pill,oral semaglutide,daily tablet,Wegovy pill,9mg,YourDose Pharmacy,9013045,yourdosepharmacy.co.uk,127.00,2026-10-04,YD10,£10 off with free delivery for new customers
Wegovy pill,oral semaglutide,daily tablet,Wegovy pill,9mg,Pillsorted,9011258,pillsorted.com,127.99,2026-10-04,,
Wegovy pill,oral semaglutide,daily tablet,Wegovy pill,9mg,Zava,9012701,zavamed.com,127.99,2026-10-04,,
Wegovy pill,oral semaglutide,daily tablet,Wegovy pill,9mg,Tribelle,9012688,tribelle.co.uk,128.00,2026-10-04,,
Wegovy pill,oral semaglutide,daily tablet,Wegovy pill,9mg,Asda,1116105,onlinedoctor.asda.com,128.97,2026-10-04,,
Wegovy pill,oral semaglutide,daily tablet,Wegovy pill,9mg,Medicspot,9012559,medicspot.co.uk,129.00,2026-10-04,,
Wegovy pill,oral semaglutide,daily tablet,Wegovy pill,9mg,Peak Pharmacy,9012214,peakpharmacy.co.uk,129.00,2026-10-04,,
Wegovy pill,oral semaglutide,daily tablet,Wegovy pill,9mg,Swift Doctor,9012809,swift-doctor.com,129.00,2026-10-04,,
Wegovy pill,oral semaglutide,daily tablet,Wegovy pill,9mg,Pharmacy Online,9011378,pharmacyonline.co.uk,129.99,2026-10-04,,
Wegovy pill,oral semaglutide,daily tablet,Wegovy pill,9mg,Pills2U,9012634,pills2u.co.uk,129.99,2026-10-04,,
Wegovy pill,oral semaglutide,daily tablet,Wegovy pill,9mg,The Independent Pharmacy,9012559,theindependentpharmacy.co.uk,129.99,2026-10-04,,
Wegovy pill,oral semaglutide,daily tablet,Wegovy pill,9mg,Oxford Online Pharmacy,9012205,oxfordonlinepharmacy.co.uk,133.96,2026-10-04,,
Wegovy pill,oral semaglutide,daily tablet,Wegovy pill,9mg,Quick Meds,9012521,quickmeds.co.uk,134.95,2026-10-04,,
Wegovy pill,oral semaglutide,daily tablet,Wegovy pill,9mg,Pharmacy Express,9012468,pharmacy-express.co.uk,134.99,2026-10-04,,
Wegovy pill,oral semaglutide,daily tablet,Wegovy pill,9mg,Ashcroft Pharmacy,9012896,ashcroftpharmacy.co.uk,135.00,2026-10-04,,
Wegovy pill,oral semaglutide,daily tablet,Wegovy pill,9mg,Dr Weightmans,1092500,drweightmans.com,135.00,2026-10-04,,
Wegovy pill,oral semaglutide,daily tablet,Wegovy pill,9mg,Webmed Pharmacy,9011118,webmedpharmacy.co.uk,139.00,2026-10-04,,
Wegovy pill,oral semaglutide,daily tablet,Wegovy pill,9mg,Yourpharmacy,9012029,yourpharmacy.uk,139.00,2026-10-04,,
Wegovy pill,oral semaglutide,daily tablet,Wegovy pill,9mg,Medino,9011921,medino.com,139.99,2026-10-04,,
Wegovy pill,oral semaglutide,daily tablet,Wegovy pill,9mg,Rightangled Pharmacy,9011933,rightangled.com,139.99,2026-10-04,,
Wegovy pill,oral semaglutide,daily tablet,Wegovy pill,9mg,The Care Pharmacy,9010308,thecarepharmacy.com,139.99,2026-10-04,,
Wegovy pill,oral semaglutide,daily tablet,Wegovy pill,9mg,Cured Pharmacy,9012511,curedpharmacy.com,140.00,2026-10-04,,
Wegovy pill,oral semaglutide,daily tablet,Wegovy pill,9mg,Second Nature,9010938,secondnature.io,144.00,2026-10-04,,
Wegovy pill,oral semaglutide,daily tablet,Wegovy pill,9mg,Weprescribe,9012132,weprescribe.co.uk,144.99,2026-10-04,,
Wegovy pill,oral semaglutide,daily tablet,Wegovy pill,9mg,Private Doc,1107567,privatedoc.com,147.00,2026-10-04,,
Wegovy pill,oral semaglutide,daily tablet,Wegovy pill,9mg,Boots Online Doctor,1030075,onlinedoctor.boots.com,149.00,2026-10-04,,
Wegovy pill,oral semaglutide,daily tablet,Wegovy pill,9mg,Happy Pharmacy,9012585,happypharmacy.co.uk,149.00,2026-10-04,,
Wegovy pill,oral semaglutide,daily tablet,Wegovy pill,9mg,MSH Weight Loss,9012599,mshweightloss.co.uk,149.00,2026-10-04,,
Wegovy pill,oral semaglutide,daily tablet,Wegovy pill,9mg,Superdrug,9010736,onlinedoctor.superdrug.com,149.00,2026-10-04,,
Wegovy pill,oral semaglutide,daily tablet,Wegovy pill,9mg,Pharmica,9012030,pharmica.co.uk,149.99,2026-10-04,,
Wegovy pill,oral semaglutide,daily tablet,Wegovy pill,9mg,Simply Meds Online,9010764,simplymedsonline.co.uk,149.99,2026-10-04,,
Wegovy pill,oral semaglutide,daily tablet,Wegovy pill,9mg,IQ Doctor,9010411,iqdoctor.co.uk,154.99,2026-10-04,,
Wegovy pill,oral semaglutide,daily tablet,Wegovy pill,9mg,Medexpress,9012633,medexpress.co.uk,159.00,2026-10-04,,
Wegovy pill,oral semaglutide,daily tablet,Wegovy pill,9mg,E-Surgery,9012167,e-surgery.com,159.95,2026-10-04,,
Wegovy pill,oral semaglutide,daily tablet,Wegovy pill,9mg,Lloyds Pharmacy,9011437,onlinedoctor.lloydspharmacy.com,159.99,2026-10-04,,
Wegovy pill,oral semaglutide,daily tablet,Wegovy pill,9mg,Morrisons Clinic,9011171,clinic.morrisons.com,169.00,2026-10-04,,
Wegovy pill,oral semaglutide,daily tablet,Wegovy pill,9mg,Phlo Clinic,9011171,phloclinic.co.uk,169.00,2026-10-04,,
Wegovy pill,oral semaglutide,daily tablet,Wegovy pill,9mg,Simple Online Pharmacy,9011287,simpleonlinepharmacy.co.uk,169.00,2026-10-04,,
Wegovy pill,oral semaglutide,daily tablet,Wegovy pill,9mg,Bolt Pharmacy,9013085,boltpharmacy.co.uk,179.00,2026-10-04,,
Wegovy pill,oral semaglutide,daily tablet,Wegovy pill,9mg,health express,9011703,healthexpress.co.uk,179.00,2026-10-04,,
Wegovy pill,oral semaglutide,daily tablet,Wegovy pill,9mg,Trim,9012710,gettrim.co.uk,185.00,2026-10-04,,
Wegovy pill,oral semaglutide,daily tablet,Wegovy pill,9mg,SheMed,9012578,shemed.co.uk,194.00,2026-10-04,,
Wegovy pill,oral semaglutide,daily tablet,Wegovy pill,9mg,Numan,9011408,numan.com,199.00,2026-10-04,,
Wegovy pill,oral semaglutide,daily tablet,Wegovy pill,9mg,Chequp,9012707,chequp.com,209.00,2026-10-04,,
Wegovy pill,oral semaglutide,daily tablet,Wegovy pill,9mg,Juniper,9011842,myjuniper.co.uk,219.00,2026-10-04,,
Wegovy pill,oral semaglutide,daily tablet,Wegovy pill,9mg,Voy,9012134,joinvoy.com,219.00,2026-10-04,,
Wegovy pill,oral semaglutide,daily tablet,Wegovy pill,25mg,New Health,9011199,new.co.uk,125.00,2026-10-04,,
Wegovy pill,oral semaglutide,daily tablet,Wegovy pill,25mg,Lotus Weight Loss,9011284,lotusweightloss.co.uk,144.00,2026-10-06,LWSAVE40,£45 off all doses for new customers
Wegovy pill,oral semaglutide,daily tablet,Wegovy pill,25mg,Curate,9012358,curatehealth.co.uk,154.00,2026-10-04,,
Wegovy pill,oral semaglutide,daily tablet,Wegovy pill,25mg,The Family Chemist,9012915,thefamilychemist.co.uk,156.99,2026-10-04,,
Wegovy pill,oral semaglutide,daily tablet,Wegovy pill,25mg,Medicine Market place,1116946,medicinemarketplace.com,158.00,2026-10-04,,
Wegovy pill,oral semaglutide,daily tablet,Wegovy pill,25mg,Curely,9012401,curely.co.uk,160.00,2026-10-04,,
Wegovy pill,oral semaglutide,daily tablet,Wegovy pill,25mg,Oushk,9012610,oushkpharmacy.com,160.00,2026-10-04,,
Wegovy pill,oral semaglutide,daily tablet,Wegovy pill,25mg,AYP Healthcare,9011523,ayp.healthcare,161.99,2026-10-04,,
Wegovy pill,oral semaglutide,daily tablet,Wegovy pill,25mg,Get A Drip,9012347,getadrip.shop,164.49,2026-10-04,,
Wegovy pill,oral semaglutide,daily tablet,Wegovy pill,25mg,Cuva Health,9012581,cuvahealth.co.uk,169.00,2026-10-04,,
Wegovy pill,oral semaglutide,daily tablet,Wegovy pill,25mg,Pharmacy Online,9011378,pharmacyonline.co.uk,169.99,2026-10-04,,
Wegovy pill,oral semaglutide,daily tablet,Wegovy pill,25mg,Pharmulous,9012252,pharmulous.co.uk,169.99,2026-10-04,,
Wegovy pill,oral semaglutide,daily tablet,Wegovy pill,25mg,Private Doc,1107567,privatedoc.com,170.00,2026-10-04,,
Wegovy pill,oral semaglutide,daily tablet,Wegovy pill,25mg,Farmeci,9011790,farmeci.com,172.00,2026-10-04,,
Wegovy pill,oral semaglutide,daily tablet,Wegovy pill,25mg,My London Pharmacy,9012851,mylondonpharmacy.co.uk,172.00,2026-10-04,,
Wegovy pill,oral semaglutide,daily tablet,Wegovy pill,25mg,Ashcroft Pharmacy,9012896,ashcroftpharmacy.co.uk,175.00,2026-10-04,,
Wegovy pill,oral semaglutide,daily tablet,Wegovy pill,25mg,Pharmacy Planet,9010288,pharmacyplanet.com,175.00,2026-10-04,,
Wegovy pill,oral semaglutide,daily tablet,Wegovy pill,25mg,Cloud Pharmacy,9012073,cloudpharmacy.co.uk,179.00,2026-10-04,,
Wegovy pill,oral semaglutide,daily tablet,Wegovy pill,25mg,Medicspot,9012559,medicspot.co.uk,179.00,2026-10-04,,
Wegovy pill,oral semaglutide,daily tablet,Wegovy pill,25mg,Swift Doctor,9012809,swift-doctor.com,179.00,2026-10-04,,
Wegovy pill,oral semaglutide,daily tablet,Wegovy pill,25mg,Pharmacy Express,9012468,pharmacy-express.co.uk,179.99,2026-10-04,,
Wegovy pill,oral semaglutide,daily tablet,Wegovy pill,25mg,Pills2U,9012634,pills2u.co.uk,179.99,2026-10-04,,
Wegovy pill,oral semaglutide,daily tablet,Wegovy pill,25mg,Dr Weightmans,1092500,drweightmans.com,180.00,2026-10-04,,
Wegovy pill,oral semaglutide,daily tablet,Wegovy pill,25mg,Tribelle,9012688,tribelle.co.uk,186.00,2026-10-04,,
Wegovy pill,oral semaglutide,daily tablet,Wegovy pill,25mg,Pillsorted,9011258,pillsorted.com,187.99,2026-10-04,,
Wegovy pill,oral semaglutide,daily tablet,Wegovy pill,25mg,Zava,9012701,zavamed.com,187.99,2026-10-04,,
Wegovy pill,oral semaglutide,daily tablet,Wegovy pill,25mg,Asda,1116105,onlinedoctor.asda.com,188.97,2026-10-04,,
Wegovy pill,oral semaglutide,daily tablet,Wegovy pill,25mg,MSH Weight Loss,9012599,mshweightloss.co.uk,189.00,2026-10-04,,
Wegovy pill,oral semaglutide,daily tablet,Wegovy pill,25mg,Peak Pharmacy,9012214,peakpharmacy.co.uk,189.00,2026-10-04,,
Wegovy pill,oral semaglutide,daily tablet,Wegovy pill,25mg,Webmed Pharmacy,9011118,webmedpharmacy.co.uk,189.00,2026-10-04,,
Wegovy pill,oral semaglutide,daily tablet,Wegovy pill,25mg,The Care Pharmacy,9010308,thecarepharmacy.com,189.99,2026-10-04,,
Wegovy pill,oral semaglutide,daily tablet,Wegovy pill,25mg,Second Nature,9010938,secondnature.io,194.00,2026-10-04,,
Wegovy pill,oral semaglutide,daily tablet,Wegovy pill,25mg,Quick Meds,9012521,quickmeds.co.uk,194.95,2026-10-04,,
Wegovy pill,oral semaglutide,daily tablet,Wegovy pill,25mg,Rightangled Pharmacy,9011933,rightangled.com,194.99,2026-10-04,,
Wegovy pill,oral semaglutide,daily tablet,Wegovy pill,25mg,Weprescribe,9012132,weprescribe.co.uk,194.99,2026-10-04,,
Wegovy pill,oral semaglutide,daily tablet,Wegovy pill,25mg,Oxford Online Pharmacy,9012205,oxfordonlinepharmacy.co.uk,198.90,2026-10-04,,
Wegovy pill,oral semaglutide,daily tablet,Wegovy pill,25mg,IQ Doctor,9010411,iqdoctor.co.uk,198.99,2026-10-04,,
Wegovy pill,oral semaglutide,daily tablet,Wegovy pill,25mg,Chemist4U,9011784,chemist-4-u.com,199.00,2026-10-04,,
Wegovy pill,oral semaglutide,daily tablet,Wegovy pill,25mg,Click 2 Pharmacy,1033781,click2pharmacy.co.uk,199.00,2026-10-04,,
Wegovy pill,oral semaglutide,daily tablet,Wegovy pill,25mg,Cured Pharmacy,9012511,curedpharmacy.com,199.00,2026-10-04,,
Wegovy pill,oral semaglutide,daily tablet,Wegovy pill,25mg,Happy Pharmacy,9012585,happypharmacy.co.uk,199.00,2026-10-04,,
Wegovy pill,oral semaglutide,daily tablet,Wegovy pill,25mg,MYBMI,9011784,my-bmi.co.uk,199.00,2026-10-04,,
Wegovy pill,oral semaglutide,daily tablet,Wegovy pill,25mg,Medexpress,9012633,medexpress.co.uk,199.00,2026-10-04,,
Wegovy pill,oral semaglutide,daily tablet,Wegovy pill,25mg,Yourpharmacy,9012029,yourpharmacy.uk,199.00,2026-10-04,,
Wegovy pill,oral semaglutide,daily tablet,Wegovy pill,25mg,E-Surgery,9012167,e-surgery.com,199.95,2026-10-04,,
Wegovy pill,oral semaglutide,daily tablet,Wegovy pill,25mg,Medino,9011921,medino.com,199.99,2026-10-04,,
Wegovy pill,oral semaglutide,daily tablet,Wegovy pill,25mg,Pharmica,9012030,pharmica.co.uk,199.99,2026-10-04,,
Wegovy pill,oral semaglutide,daily tablet,Wegovy pill,25mg,The Independent Pharmacy,9012559,theindependentpharmacy.co.uk,199.99,2026-10-04,,
Wegovy pill,oral semaglutide,daily tablet,Wegovy pill,25mg,Superdrug,9010736,onlinedoctor.superdrug.com,209.00,2026-10-04,,
Wegovy pill,oral semaglutide,daily tablet,Wegovy pill,25mg,Bolt Pharmacy,9013085,boltpharmacy.co.uk,219.00,2026-10-04,,
Wegovy pill,oral semaglutide,daily tablet,Wegovy pill,25mg,Morrisons Clinic,9011171,clinic.morrisons.com,219.00,2026-10-04,,
Wegovy pill,oral semaglutide,daily tablet,Wegovy pill,25mg,Phlo Clinic,9011171,phloclinic.co.uk,219.00,2026-10-04,,
Wegovy pill,oral semaglutide,daily tablet,Wegovy pill,25mg,Simple Online Pharmacy,9011287,simpleonlinepharmacy.co.uk,219.00,2026-10-04,,
Wegovy pill,oral semaglutide,daily tablet,Wegovy pill,25mg,Trim,9012710,gettrim.co.uk,225.00,2026-10-04,,
Wegovy pill,oral semaglutide,daily tablet,Wegovy pill,25mg,Boots Online Doctor,1030075,onlinedoctor.boots.com,229.00,2026-10-04,,
Wegovy pill,oral semaglutide,daily tablet,Wegovy pill,25mg,SheMed,9012578,shemed.co.uk,244.00,2026-10-04,,
Wegovy pill,oral semaglutide,daily tablet,Wegovy pill,25mg,Numan,9011408,numan.com,249.00,2026-10-04,,
Wegovy pill,oral semaglutide,daily tablet,Wegovy pill,25mg,Juniper,9011842,myjuniper.co.uk,259.00,2026-10-04,,
Wegovy pill,oral semaglutide,daily tablet,Wegovy pill,25mg,Chequp,9012707,chequp.com,269.00,2026-10-04,,
Wegovy pill,oral semaglutide,daily tablet,Wegovy pill,25mg,Voy,9012134,joinvoy.com,269.00,2026-10-04,,
